PRAGMA foreign_keys=OFF;
BEGIN TRANSACTION;
CREATE TABLE IF NOT EXISTS "django_migrations" ("id" integer NOT NULL PRIMARY KEY AUTOINCREMENT, "app" varchar(255) NOT NULL, "name" varchar(255) NOT NULL, "applied" datetime NOT NULL);
INSERT INTO django_migrations VALUES(1,'contenttypes','0001_initial','2020-09-21 07:07:16.244311');
INSERT INTO django_migrations VALUES(2,'auth','0001_initial','2020-09-21 07:07:16.387356');
INSERT INTO django_migrations VALUES(3,'admin','0001_initial','2020-09-21 07:07:16.495095');
INSERT INTO django_migrations VALUES(4,'admin','0002_logentry_remove_auto_add','2020-09-21 07:07:16.622633');
INSERT INTO django_migrations VALUES(5,'admin','0003_logentry_add_action_flag_choices','2020-09-21 07:07:16.742649');
INSERT INTO django_migrations VALUES(6,'contenttypes','0002_remove_content_type_name','2020-09-21 07:07:17.337822');
INSERT INTO django_migrations VALUES(7,'auth','0002_alter_permission_name_max_length','2020-09-21 07:07:17.885803');
INSERT INTO django_migrations VALUES(8,'auth','0003_alter_user_email_max_length','2020-09-21 07:07:18.102371');
INSERT INTO django_migrations VALUES(9,'auth','0004_alter_user_username_opts','2020-09-21 07:07:18.215972');
INSERT INTO django_migrations VALUES(10,'auth','0005_alter_user_last_login_null','2020-09-21 07:07:18.322171');
INSERT INTO django_migrations VALUES(11,'auth','0006_require_contenttypes_0002','2020-09-21 07:07:18.389941');
INSERT INTO django_migrations VALUES(12,'auth','0007_alter_validators_add_error_messages','2020-09-21 07:07:18.831054');
INSERT INTO django_migrations VALUES(13,'auth','0008_alter_user_username_max_length','2020-09-21 07:07:18.931761');
INSERT INTO django_migrations VALUES(14,'auth','0009_alter_user_last_name_max_length','2020-09-21 07:07:19.039967');
INSERT INTO django_migrations VALUES(15,'auth','0010_alter_group_name_max_length','2020-09-21 07:07:19.141781');
INSERT INTO django_migrations VALUES(16,'auth','0011_update_proxy_permissions','2020-09-21 07:07:19.231604');
INSERT INTO django_migrations VALUES(17,'sessions','0001_initial','2020-09-21 07:07:19.313092');
INSERT INTO django_migrations VALUES(18,'app','0001_initial','2020-09-21 07:15:55.871363');
INSERT INTO django_migrations VALUES(19,'app','0002_delete_genre','2020-09-21 09:11:01.559125');
INSERT INTO django_migrations VALUES(20,'app','0003_comment_good_user','2020-09-29 12:31:20.687471');
INSERT INTO django_migrations VALUES(21,'app','0004_electronic','2020-09-29 13:04:50.215529');
INSERT INTO django_migrations VALUES(22,'app','0005_charger_clothes_headset_homeappliances_laptop_mobile_pants_shirt_sport_stationery_tshirt','2020-09-30 06:17:30.520418');
INSERT INTO django_migrations VALUES(23,'app','0006_auto_20200930_0842','2020-09-30 08:42:28.518693');
INSERT INTO django_migrations VALUES(24,'app','0007_auto_20200930_0906','2020-09-30 09:06:42.574018');
INSERT INTO django_migrations VALUES(25,'app','0008_auto_20201001_0852','2020-10-01 08:52:25.655798');
INSERT INTO django_migrations VALUES(26,'app','0009_auto_20201001_1138','2020-10-01 11:38:46.340139');
INSERT INTO django_migrations VALUES(27,'app','0010_auto_20201001_1234','2020-10-01 12:34:51.492307');
INSERT INTO django_migrations VALUES(28,'app','0011_auto_20201001_1302','2020-10-01 13:02:51.924812');
INSERT INTO django_migrations VALUES(29,'app','0012_auto_20201002_0624','2020-10-02 06:24:31.164664');
INSERT INTO django_migrations VALUES(30,'app','0013_auto_20201002_0656','2020-10-02 06:56:53.464344');
INSERT INTO django_migrations VALUES(31,'app','0014_auto_20201002_0703','2020-10-02 07:03:09.159295');
INSERT INTO django_migrations VALUES(32,'app','0015_auto_20201002_0815','2020-10-02 08:15:59.389963');
INSERT INTO django_migrations VALUES(33,'app','0016_auto_20201002_0916','2020-10-02 09:16:37.232025');
INSERT INTO django_migrations VALUES(34,'app','0017_auto_20201002_1142','2020-10-02 11:42:40.438882');
INSERT INTO django_migrations VALUES(35,'app','0018_auto_20201002_1309','2020-10-02 13:09:09.149133');
INSERT INTO django_migrations VALUES(36,'app','0019_auto_20201002_1429','2020-10-02 14:29:55.994121');
INSERT INTO django_migrations VALUES(37,'app','0020_auto_20201002_1433','2020-10-02 14:33:53.401311');
INSERT INTO django_migrations VALUES(38,'app','0021_auto_20201003_0904','2020-10-03 09:04:32.844072');
INSERT INTO django_migrations VALUES(39,'app','0022_auto_20201003_0915','2020-10-03 09:15:57.507148');
INSERT INTO django_migrations VALUES(40,'app','0023_auto_20201003_1120','2020-10-03 11:20:26.031249');
INSERT INTO django_migrations VALUES(41,'app','0024_auto_20201003_1216','2020-10-03 12:16:51.694576');
INSERT INTO django_migrations VALUES(42,'app','0025_auto_20201004_0545','2020-10-04 05:45:15.839646');
INSERT INTO django_migrations VALUES(43,'app','0026_auto_20201005_0631','2020-10-05 06:31:42.513835');
INSERT INTO django_migrations VALUES(44,'app','0027_auto_20201006_0853','2020-10-06 08:53:35.654480');
INSERT INTO django_migrations VALUES(45,'app','0028_auto_20201006_0901','2020-10-06 09:01:33.031206');
INSERT INTO django_migrations VALUES(46,'app','0029_auto_20201006_0916','2020-10-06 09:19:43.451449');
INSERT INTO django_migrations VALUES(47,'app','0030_auto_20201006_0919','2020-10-06 09:19:43.609788');
INSERT INTO django_migrations VALUES(48,'app','0031_auto_20201006_1050','2020-10-06 10:54:55.526077');
INSERT INTO django_migrations VALUES(49,'app','0002_auto_20201009_0802','2020-10-09 08:02:56.731161');
INSERT INTO django_migrations VALUES(50,'app','0002_auto_20201009_0810','2020-10-09 08:10:57.210444');
INSERT INTO django_migrations VALUES(51,'app','0003_auto_20201009_0824','2020-10-09 08:25:03.889112');
INSERT INTO django_migrations VALUES(52,'app','0004_user_img','2020-10-12 06:28:57.507614');
INSERT INTO django_migrations VALUES(53,'app','0005_auto_20201012_0828','2020-10-12 08:28:21.411372');
INSERT INTO django_migrations VALUES(54,'app','0006_discount_code','2020-10-13 09:30:53.966336');
INSERT INTO django_migrations VALUES(55,'app','0007_auto_20201015_1232','2020-10-15 12:32:49.954733');
INSERT INTO django_migrations VALUES(56,'app','0008_auto_20201022_1000','2020-10-22 10:00:38.145682');
INSERT INTO django_migrations VALUES(57,'app','0009_cart_number','2020-10-22 13:53:08.976927');
INSERT INTO django_migrations VALUES(58,'app','0010_auto_20201022_1432','2020-10-22 14:32:37.642061');
INSERT INTO django_migrations VALUES(59,'app','0011_auto_20201022_1433','2020-10-22 14:33:49.641854');
INSERT INTO django_migrations VALUES(60,'app','0012_auto_20201022_1442','2020-10-22 14:42:54.731016');
INSERT INTO django_migrations VALUES(61,'app','0013_auto_20201023_0740','2020-10-23 07:40:18.935874');
INSERT INTO django_migrations VALUES(62,'app','0014_auto_20201023_1219','2020-10-23 12:20:01.315184');
INSERT INTO django_migrations VALUES(63,'app','0015_auto_20201023_1508','2020-10-23 15:08:37.320379');
INSERT INTO django_migrations VALUES(64,'app','0016_auto_20201024_0945','2020-10-24 09:45:10.900080');
INSERT INTO django_migrations VALUES(65,'app','0017_auto_20210309_0557','2021-03-09 05:57:20.741561');
CREATE TABLE IF NOT EXISTS "auth_group_permissions" ("id" integer NOT NULL PRIMARY KEY AUTOINCREMENT, "group_id" integer NOT NULL REFERENCES "auth_group" ("id") DEFERRABLE INITIALLY DEFERRED, "permission_id" integer NOT NULL REFERENCES "auth_permission" ("id") DEFERRABLE INITIALLY DEFERRED);
CREATE TABLE IF NOT EXISTS "auth_user_groups" ("id" integer NOT NULL PRIMARY KEY AUTOINCREMENT, "user_id" integer NOT NULL REFERENCES "auth_user" ("id") DEFERRABLE INITIALLY DEFERRED, "group_id" integer NOT NULL REFERENCES "auth_group" ("id") DEFERRABLE INITIALLY DEFERRED);
CREATE TABLE IF NOT EXISTS "auth_user_user_permissions" ("id" integer NOT NULL PRIMARY KEY AUTOINCREMENT, "user_id" integer NOT NULL REFERENCES "auth_user" ("id") DEFERRABLE INITIALLY DEFERRED, "permission_id" integer NOT NULL REFERENCES "auth_permission" ("id") DEFERRABLE INITIALLY DEFERRED);
CREATE TABLE IF NOT EXISTS "django_admin_log" ("id" integer NOT NULL PRIMARY KEY AUTOINCREMENT, "action_time" datetime NOT NULL, "object_id" text NULL, "object_repr" varchar(200) NOT NULL, "change_message" text NOT NULL, "content_type_id" integer NULL REFERENCES "django_content_type" ("id") DEFERRABLE INITIALLY DEFERRED, "user_id" integer NOT NULL REFERENCES "auth_user" ("id") DEFERRABLE INITIALLY DEFERRED, "action_flag" smallint unsigned NOT NULL CHECK ("action_flag" >= 0));
INSERT INTO django_admin_log VALUES(1,'2020-09-30 09:07:22.039081','1','Admin object (1)','[{"added": {}}]',36,1,1);
INSERT INTO django_admin_log VALUES(2,'2020-10-01 08:55:36.950550','1','Good object (1)','[{"added": {}}, {"added": {"name": "electronic", "object": "Electronic object (1)"}}]',10,1,1);
INSERT INTO django_admin_log VALUES(3,'2020-10-01 08:57:17.949386','1','Good object (1)','',10,1,3);
INSERT INTO django_admin_log VALUES(4,'2020-10-01 08:59:09.570053','2','Good object (2)','[{"added": {}}]',10,1,1);
INSERT INTO django_admin_log VALUES(5,'2020-10-01 09:00:30.321908','2','Electronic object (2)','[{"added": {}}, {"added": {"name": "lap top", "object": "LapTop object (1)"}}]',11,1,1);
INSERT INTO django_admin_log VALUES(6,'2020-10-01 13:03:47.883676','2','Electronic object (2)','',11,1,3);
INSERT INTO django_admin_log VALUES(7,'2020-10-01 13:04:01.262414','2','Good object (2)','',10,1,3);
INSERT INTO django_admin_log VALUES(8,'2020-10-02 07:04:22.095985','3','هودی سفید','[{"added": {}}]',10,1,1);
INSERT INTO django_admin_log VALUES(9,'2020-10-02 07:05:44.628183','1','Clothes object (1)','[{"added": {}}, {"added": {"name": "shirt", "object": "Shirt object (1)"}}]',18,1,1);
INSERT INTO django_admin_log VALUES(10,'2020-10-02 07:06:25.046748','4','شلوار جین','[{"added": {}}]',10,1,1);
INSERT INTO django_admin_log VALUES(11,'2020-10-02 07:07:27.071548','2','Clothes object (2)','[{"added": {}}, {"added": {"name": "pants", "object": "Pants object (1)"}}]',18,1,1);
INSERT INTO django_admin_log VALUES(12,'2020-10-02 09:17:28.873221','5','Asus A540','[{"added": {}}]',10,1,1);
INSERT INTO django_admin_log VALUES(13,'2020-10-02 09:17:53.846356','1','Electronic object (1)','[{"added": {}}, {"added": {"name": "lap top", "object": "LapTop object (1)"}}]',11,1,1);
INSERT INTO django_admin_log VALUES(14,'2020-10-02 09:18:17.647627','2','Clothes object (2)','',18,1,3);
INSERT INTO django_admin_log VALUES(15,'2020-10-02 09:18:24.194930','1','Clothes object (1)','',18,1,3);
INSERT INTO django_admin_log VALUES(16,'2020-10-02 09:18:36.747339','4','شلوار جین','',10,1,3);
INSERT INTO django_admin_log VALUES(17,'2020-10-02 09:18:45.670777','3','هودی سفید','',10,1,3);
INSERT INTO django_admin_log VALUES(18,'2020-10-02 09:19:25.158343','6','pant','[{"added": {}}]',10,1,1);
INSERT INTO django_admin_log VALUES(19,'2020-10-02 09:19:50.203995','3','Clothes object (3)','[{"added": {}}, {"added": {"name": "pants", "object": "Pants object (2)"}}]',18,1,1);
INSERT INTO django_admin_log VALUES(20,'2020-10-02 09:22:57.408937','6','pant','',10,1,3);
INSERT INTO django_admin_log VALUES(21,'2020-10-02 09:23:45.868201','7','pant','[{"added": {}}]',10,1,1);
INSERT INTO django_admin_log VALUES(22,'2020-10-02 09:23:56.781191','4','Clothes object (4)','[{"added": {}}, {"added": {"name": "pants", "object": "Pants object (3)"}}]',18,1,1);
INSERT INTO django_admin_log VALUES(23,'2020-10-02 09:40:15.740971','7','pant','',10,1,3);
INSERT INTO django_admin_log VALUES(24,'2020-10-02 09:40:25.735903','5','Asus A540','',10,1,3);
INSERT INTO django_admin_log VALUES(25,'2020-10-02 10:10:48.683739','8','لپ تاپ ایسوس مدل VivoBook X540UA - MR','[{"added": {}}, {"added": {"name": "image", "object": "Image object (1)"}}, {"added": {"name": "image", "object": "Image object (2)"}}, {"added": {"name": "image", "object": "Image object (3)"}}]',10,1,1);
INSERT INTO django_admin_log VALUES(26,'2020-10-02 10:12:34.226919','2','Electronic object (2)','[{"added": {}}, {"added": {"name": "lap top", "object": "LapTop object (2)"}}]',11,1,1);
INSERT INTO django_admin_log VALUES(27,'2020-10-02 10:14:59.481027','9','لپ تاپ هوآوی مدل MateBook X Pro - A','[{"added": {}}, {"added": {"name": "image", "object": "Image object (4)"}}, {"added": {"name": "image", "object": "Image object (5)"}}, {"added": {"name": "image", "object": "Image object (6)"}}]',10,1,1);
INSERT INTO django_admin_log VALUES(28,'2020-10-02 10:16:11.797392','3','Electronic object (3)','[{"added": {}}, {"added": {"name": "lap top", "object": "LapTop object (3)"}}]',11,1,1);
INSERT INTO django_admin_log VALUES(29,'2020-10-02 10:18:02.598415','10','پیراهن مردانه مدل L-BR','[{"added": {}}, {"added": {"name": "image", "object": "Image object (7)"}}, {"added": {"name": "image", "object": "Image object (8)"}}]',10,1,1);
INSERT INTO django_admin_log VALUES(30,'2020-10-02 10:19:14.102843','5','Clothes object (5)','[{"added": {}}, {"added": {"name": "shirt", "object": "Shirt object (2)"}}]',18,1,1);
INSERT INTO django_admin_log VALUES(31,'2020-10-02 10:20:57.640033','11','توپ فوتبال آدیداس مدل جام جهانی RUSSIA 2018','[{"added": {}}, {"added": {"name": "image", "object": "Image object (9)"}}]',10,1,1);
INSERT INTO django_admin_log VALUES(32,'2020-10-02 10:21:29.204749','1','Sport object (1)','[{"added": {}}, {"added": {"name": "ball", "object": "Ball object (1)"}}]',16,1,1);
INSERT INTO django_admin_log VALUES(33,'2020-10-02 10:23:07.065530','12','توپ والیبال میکاسا مدل MVA 200','[{"added": {}}, {"added": {"name": "image", "object": "Image object (10)"}}, {"added": {"name": "image", "object": "Image object (11)"}}]',10,1,1);
INSERT INTO django_admin_log VALUES(34,'2020-10-02 10:23:28.444534','2','Sport object (2)','[{"added": {}}, {"added": {"name": "ball", "object": "Ball object (2)"}}]',16,1,1);
INSERT INTO django_admin_log VALUES(35,'2020-10-02 10:25:43.569728','13','یخچال و فریزر ساید بای ساید اسنوا مدل S8-2322GW','[{"added": {}}, {"added": {"name": "image", "object": "Image object (12)"}}, {"added": {"name": "image", "object": "Image object (13)"}}, {"added": {"name": "image", "object": "Image object (14)"}}]',10,1,1);
INSERT INTO django_admin_log VALUES(36,'2020-10-02 10:27:11.949794','1','HomeAppliances object (1)','[{"added": {}}, {"added": {"name": "refrigerator", "object": "Refrigerator object (1)"}}]',20,1,1);
INSERT INTO django_admin_log VALUES(37,'2020-10-02 11:44:47.401862','10','پیراهن مردانه مدل L-BR','[{"deleted": {"name": "image", "object": "Image object (None)"}}, {"deleted": {"name": "image", "object": "Image object (None)"}}]',10,1,2);
INSERT INTO django_admin_log VALUES(38,'2020-10-02 11:45:07.010240','5','Clothes object (5)','[]',18,1,2);
INSERT INTO django_admin_log VALUES(39,'2020-10-02 11:46:05.715685','10','پیراهن مردانه مدل L-BR','[{"added": {"name": "image", "object": "Image object (15)"}}, {"added": {"name": "image", "object": "Image object (16)"}}]',10,1,2);
INSERT INTO django_admin_log VALUES(40,'2020-10-02 11:46:08.292749','5','Clothes object (5)','[]',18,1,2);
INSERT INTO django_admin_log VALUES(41,'2020-10-02 12:05:12.726708','8','لپ تاپ ایسوس مدل VivoBook X540UA - MR','[{"changed": {"fields": ["discount"]}}]',10,1,2);
INSERT INTO django_admin_log VALUES(42,'2020-10-02 14:19:04.423469','11','توپ فوتبال آدیداس مدل جام جهانی RUSSIA 2018','[{"changed": {"name": "image", "object": "Image object (9)", "fields": ["img_src"]}}]',10,1,2);
INSERT INTO django_admin_log VALUES(43,'2020-10-02 14:22:18.020772','11','توپ فوتبال آدیداس مدل جام جهانی RUSSIA 2018','[{"changed": {"name": "image", "object": "Image object (9)", "fields": ["img_src"]}}]',10,1,2);
INSERT INTO django_admin_log VALUES(44,'2020-10-03 09:18:26.801069','14','پیراهن مردانه پازو کد L-B','[{"added": {}}, {"added": {"name": "image", "object": "Image object (17)"}}, {"added": {"name": "image", "object": "Image object (18)"}}]',10,1,1);
INSERT INTO django_admin_log VALUES(45,'2020-10-03 09:18:56.224650','6','Clothes object (6)','[{"added": {}}, {"added": {"name": "shirt", "object": "Shirt object (3)"}}]',18,1,1);
INSERT INTO django_admin_log VALUES(46,'2020-10-03 09:30:41.135363','8','لپ تاپ ایسوس مدل VivoBook X540UA - MR','',10,1,3);
INSERT INTO django_admin_log VALUES(47,'2020-10-03 09:30:48.096766','9','لپ تاپ هوآوی مدل MateBook X Pro - A','',10,1,3);
INSERT INTO django_admin_log VALUES(48,'2020-10-03 09:30:58.452421','10','پیراهن مردانه مدل L-BR','',10,1,3);
INSERT INTO django_admin_log VALUES(49,'2020-10-03 09:31:12.274994','11','توپ فوتبال آدیداس مدل جام جهانی RUSSIA 2018','',10,1,3);
INSERT INTO django_admin_log VALUES(50,'2020-10-03 09:31:22.516357','12','توپ والیبال میکاسا مدل MVA 200','',10,1,3);
INSERT INTO django_admin_log VALUES(51,'2020-10-03 09:31:32.853396','13','یخچال و فریزر ساید بای ساید اسنوا مدل S8-2322GW','',10,1,3);
INSERT INTO django_admin_log VALUES(52,'2020-10-03 09:33:50.805354','15','پیراهن مردانه مدل L-BR','[{"added": {}}, {"added": {"name": "image", "object": "Image object (19)"}}, {"added": {"name": "image", "object": "Image object (20)"}}]',10,1,1);
INSERT INTO django_admin_log VALUES(53,'2020-10-03 09:34:09.029275','7','پیراهن مردانه مدل L-BR','[{"added": {}}, {"added": {"name": "shirt", "object": "Shirt object (4)"}}]',18,1,1);
INSERT INTO django_admin_log VALUES(54,'2020-10-03 09:37:13.681611','16','لپ تاپ 15 اینچی ایسوس مدل VivoBook X540UA - MR','[{"added": {}}, {"added": {"name": "image", "object": "Image object (21)"}}, {"added": {"name": "image", "object": "Image object (22)"}}, {"added": {"name": "image", "object": "Image object (23)"}}]',10,1,1);
INSERT INTO django_admin_log VALUES(55,'2020-10-03 09:38:36.368507','4','لپ تاپ 15 اینچی ایسوس مدل VivoBook X540UA - MR','[{"added": {}}, {"added": {"name": "lap top", "object": "LapTop object (4)"}}]',11,1,1);
INSERT INTO django_admin_log VALUES(56,'2020-10-03 09:40:22.910739','17','لپ تاپ 14 اینچی هوآوی مدل MateBook X Pro - A','[{"added": {}}, {"added": {"name": "image", "object": "Image object (24)"}}, {"added": {"name": "image", "object": "Image object (25)"}}, {"added": {"name": "image", "object": "Image object (26)"}}]',10,1,1);
INSERT INTO django_admin_log VALUES(57,'2020-10-03 09:40:56.591468','5','لپ تاپ 14 اینچی هوآوی مدل MateBook X Pro - A','[{"added": {}}, {"added": {"name": "lap top", "object": "LapTop object (5)"}}]',11,1,1);
INSERT INTO django_admin_log VALUES(58,'2020-10-03 09:44:39.196958','18','یخچال و فریزر ساید بای ساید اسنوا مدل S8-2322GW','[{"added": {}}, {"added": {"name": "image", "object": "Image object (27)"}}, {"added": {"name": "image", "object": "Image object (28)"}}, {"added": {"name": "image", "object": "Image object (29)"}}]',10,1,1);
INSERT INTO django_admin_log VALUES(59,'2020-10-03 09:45:19.037338','2','یخچال و فریزر ساید بای ساید اسنوا مدل S8-2322GW','[{"added": {}}, {"added": {"name": "refrigerator", "object": "Refrigerator object (2)"}}]',20,1,1);
INSERT INTO django_admin_log VALUES(60,'2020-10-03 09:47:43.516050','19','توپ فوتبال آدیداس مدل جام جهانی RUSSIA 2018','[{"added": {}}, {"added": {"name": "image", "object": "Image object (30)"}}]',10,1,1);
INSERT INTO django_admin_log VALUES(61,'2020-10-03 09:48:13.141708','3','توپ فوتبال آدیداس مدل جام جهانی RUSSIA 2018','[{"added": {}}, {"added": {"name": "ball", "object": "Ball object (3)"}}]',16,1,1);
INSERT INTO django_admin_log VALUES(62,'2020-10-03 09:49:55.479559','20','توپ والیبال میکاسا مدل MVA 200','[{"added": {}}, {"added": {"name": "image", "object": "Image object (31)"}}, {"added": {"name": "image", "object": "Image object (32)"}}]',10,1,1);
INSERT INTO django_admin_log VALUES(63,'2020-10-03 09:50:29.761478','4','توپ والیبال میکاسا مدل MVA 200','[{"added": {}}, {"added": {"name": "ball", "object": "Ball object (4)"}}]',16,1,1);
INSERT INTO django_admin_log VALUES(64,'2020-10-03 12:18:33.964409','15','پیراهن مردانه مدل L-BR','[{"changed": {"fields": ["real_price"]}}]',10,1,2);
INSERT INTO django_admin_log VALUES(65,'2020-10-03 12:18:45.315856','7','پیراهن مردانه مدل L-BR','[]',18,1,2);
INSERT INTO django_admin_log VALUES(66,'2020-10-03 12:18:59.481435','14','پیراهن مردانه پازو کد L-B','[{"changed": {"fields": ["real_price"]}}]',10,1,2);
INSERT INTO django_admin_log VALUES(67,'2020-10-03 12:19:02.179446','6','پیراهن مردانه پازو کد L-B','[]',18,1,2);
INSERT INTO django_admin_log VALUES(68,'2020-10-03 12:20:32.524089','17','لپ تاپ 14 اینچی هوآوی مدل MateBook X Pro - A','[{"changed": {"fields": ["price", "real_price"]}}]',10,1,2);
INSERT INTO django_admin_log VALUES(69,'2020-10-03 12:20:36.504863','5','لپ تاپ 14 اینچی هوآوی مدل MateBook X Pro - A','[]',11,1,2);
INSERT INTO django_admin_log VALUES(70,'2020-10-04 05:54:57.105589','15','پیراهن مردانه مدل L-BR','[{"changed": {"fields": ["num"]}}]',10,1,2);
INSERT INTO django_admin_log VALUES(71,'2020-10-04 05:55:00.046384','7','پیراهن مردانه مدل L-BR','[]',18,1,2);
INSERT INTO django_admin_log VALUES(72,'2020-10-04 05:55:44.429261','15','پیراهن مردانه مدل L-BR','[{"changed": {"fields": ["num"]}}]',10,1,2);
INSERT INTO django_admin_log VALUES(73,'2020-10-04 05:55:47.343389','7','پیراهن مردانه مدل L-BR','[]',18,1,2);
INSERT INTO django_admin_log VALUES(74,'2020-10-04 05:59:44.522599','15','پیراهن مردانه مدل L-BR','[{"changed": {"fields": ["score", "score_num"]}}]',10,1,2);
INSERT INTO django_admin_log VALUES(75,'2020-10-04 05:59:49.299066','7','پیراهن مردانه مدل L-BR','[]',18,1,2);
INSERT INTO django_admin_log VALUES(76,'2020-10-04 06:00:27.409685','14','پیراهن مردانه پازو کد L-B','[{"changed": {"fields": ["score", "score_num"]}}]',10,1,2);
INSERT INTO django_admin_log VALUES(77,'2020-10-04 06:00:32.019326','6','پیراهن مردانه پازو کد L-B','[]',18,1,2);
INSERT INTO django_admin_log VALUES(78,'2020-10-04 06:01:59.963967','16','لپ تاپ 15 اینچی ایسوس مدل VivoBook X540UA - MR','[{"changed": {"fields": ["score", "score_num"]}}]',10,1,2);
INSERT INTO django_admin_log VALUES(79,'2020-10-04 06:02:04.044309','4','لپ تاپ 15 اینچی ایسوس مدل VivoBook X540UA - MR','[]',11,1,2);
INSERT INTO django_admin_log VALUES(80,'2020-10-04 06:38:13.500832','18','یخچال و فریزر ساید بای ساید اسنوا مدل S8-2322GW','[{"changed": {"fields": ["price", "real_price"]}}]',10,1,2);
INSERT INTO django_admin_log VALUES(81,'2020-10-04 06:38:16.974378','2','یخچال و فریزر ساید بای ساید اسنوا مدل S8-2322GW','[]',20,1,2);
INSERT INTO django_admin_log VALUES(82,'2020-10-04 06:39:07.795149','20','توپ والیبال میکاسا مدل MVA 200','[{"changed": {"fields": ["real_price", "score", "score_num"]}}]',10,1,2);
INSERT INTO django_admin_log VALUES(83,'2020-10-04 06:39:11.078238','4','توپ والیبال میکاسا مدل MVA 200','[]',16,1,2);
INSERT INTO django_admin_log VALUES(84,'2020-10-04 06:41:21.465082','19','توپ فوتبال آدیداس مدل جام جهانی RUSSIA 2018','[{"changed": {"fields": ["real_price"]}}]',10,1,2);
INSERT INTO django_admin_log VALUES(85,'2020-10-04 06:41:43.281402','19','توپ فوتبال آدیداس مدل جام جهانی RUSSIA 2018','[{"changed": {"fields": ["score", "score_num"]}}]',10,1,2);
INSERT INTO django_admin_log VALUES(86,'2020-10-04 06:41:46.459545','3','توپ فوتبال آدیداس مدل جام جهانی RUSSIA 2018','[]',16,1,2);
INSERT INTO django_admin_log VALUES(87,'2020-10-04 09:29:29.473559','20','توپ والیبال میکاسا مدل MVA 200','[{"added": {"name": "image", "object": "Image object (33)"}}]',10,1,2);
INSERT INTO django_admin_log VALUES(88,'2020-10-04 09:29:31.864549','4','توپ والیبال میکاسا مدل MVA 200','[]',16,1,2);
INSERT INTO django_admin_log VALUES(89,'2020-10-04 09:35:20.735904','16','لپ تاپ 15 اینچی ایسوس مدل VivoBook X540UA - MR','[{"changed": {"fields": ["price", "discount"]}}]',10,1,2);
INSERT INTO django_admin_log VALUES(90,'2020-10-04 09:35:26.123246','4','لپ تاپ 15 اینچی ایسوس مدل VivoBook X540UA - MR','[]',11,1,2);
INSERT INTO django_admin_log VALUES(91,'2020-10-04 09:36:16.664287','16','لپ تاپ 15 اینچی ایسوس مدل VivoBook X540UA - MR','[{"changed": {"fields": ["price", "real_price"]}}]',10,1,2);
INSERT INTO django_admin_log VALUES(92,'2020-10-04 09:36:18.771996','4','لپ تاپ 15 اینچی ایسوس مدل VivoBook X540UA - MR','[]',11,1,2);
INSERT INTO django_admin_log VALUES(93,'2020-10-06 09:02:02.590802','7','پیراهن مردانه مدل L-BR','[{"added": {"name": "size", "object": "Size object (1)"}}, {"added": {"name": "size", "object": "Size object (2)"}}]',18,1,2);
INSERT INTO django_admin_log VALUES(94,'2020-10-06 09:02:17.719044','6','پیراهن مردانه پازو کد L-B','[{"added": {"name": "size", "object": "Size object (3)"}}, {"added": {"name": "size", "object": "Size object (4)"}}]',18,1,2);
INSERT INTO django_admin_log VALUES(95,'2020-10-06 09:20:57.357771','5','لپ تاپ 14 اینچی هوآوی مدل MateBook X Pro - A','[{"added": {"name": "color", "object": "Color object (1)"}}]',11,1,2);
INSERT INTO django_admin_log VALUES(96,'2020-10-06 09:21:18.868626','4','لپ تاپ 15 اینچی ایسوس مدل VivoBook X540UA - MR','[{"added": {"name": "color", "object": "Color object (2)"}}, {"added": {"name": "color", "object": "Color object (3)"}}]',11,1,2);
INSERT INTO django_admin_log VALUES(97,'2020-10-09 06:00:04.962907','9','123456','',4,1,3);
INSERT INTO django_admin_log VALUES(98,'2020-10-09 06:00:13.076247','11','am123456','',4,1,3);
INSERT INTO django_admin_log VALUES(99,'2020-10-09 06:00:22.560950','23','amin0427','',4,1,3);
INSERT INTO django_admin_log VALUES(100,'2020-10-09 06:00:33.437685','4','amin123','',4,1,3);
INSERT INTO django_admin_log VALUES(101,'2020-10-09 06:00:42.726762','25','shayan79','',4,1,3);
INSERT INTO django_admin_log VALUES(102,'2020-10-09 06:00:51.419222','19','shayan1379','',4,1,3);
INSERT INTO django_admin_log VALUES(103,'2020-10-09 06:00:59.337637','16','shayan12345','',4,1,3);
INSERT INTO django_admin_log VALUES(104,'2020-10-09 06:01:08.674595','5','shayan1234','',4,1,3);
INSERT INTO django_admin_log VALUES(105,'2020-10-09 06:01:18.438428','6','shayan123','',4,1,3);
INSERT INTO django_admin_log VALUES(106,'2020-10-09 06:01:26.726439','15','shayan12','',4,1,3);
INSERT INTO django_admin_log VALUES(107,'2020-10-09 06:01:34.863736','14','shayan1','',4,1,3);
INSERT INTO django_admin_log VALUES(108,'2020-10-09 06:01:42.304928','24','shayan0427','',4,1,3);
INSERT INTO django_admin_log VALUES(109,'2020-10-09 06:01:50.842110','13','sh123456','',4,1,3);
INSERT INTO django_admin_log VALUES(110,'2020-10-09 06:01:59.535419','12','sh1234','',4,1,3);
INSERT INTO django_admin_log VALUES(111,'2020-10-09 06:02:07.026860','21','reza1234','',4,1,3);
INSERT INTO django_admin_log VALUES(112,'2020-10-09 06:02:16.004703','18','amsh12','',4,1,3);
INSERT INTO django_admin_log VALUES(113,'2020-10-09 06:02:24.827419','17','aminshayan','',4,1,3);
INSERT INTO django_admin_log VALUES(114,'2020-10-09 06:02:33.491302','22','amin790427','',4,1,3);
INSERT INTO django_admin_log VALUES(115,'2020-10-09 06:02:41.844460','20','amin79','',4,1,3);
INSERT INTO django_admin_log VALUES(116,'2020-10-09 06:02:50.228433','10','amin1234578','',4,1,3);
INSERT INTO django_admin_log VALUES(117,'2020-10-09 06:02:58.320406','8','amin1234567','',4,1,3);
INSERT INTO django_admin_log VALUES(118,'2020-10-09 06:03:08.810209','7','amin123456','',4,1,3);
INSERT INTO django_admin_log VALUES(119,'2020-10-09 06:03:19.057001','2','amin12345','',4,1,3);
INSERT INTO django_admin_log VALUES(120,'2020-10-09 06:03:26.469597','3','amin1234','',4,1,3);
INSERT INTO django_admin_log VALUES(121,'2020-10-09 09:09:57.869957','29','shayan79','',4,1,3);
INSERT INTO django_admin_log VALUES(122,'2020-10-09 09:10:04.566952','27','reza79','',4,1,3);
INSERT INTO django_admin_log VALUES(123,'2020-10-09 09:10:10.872080','28','reza78','',4,1,3);
INSERT INTO django_admin_log VALUES(124,'2020-10-09 09:10:17.085730','26','amin0427','',4,1,3);
INSERT INTO django_admin_log VALUES(125,'2020-10-09 09:31:53.236189','31','amin79','',4,1,3);
INSERT INTO django_admin_log VALUES(126,'2020-10-13 09:07:21.762625','48','shayan7979','',4,1,3);
INSERT INTO django_admin_log VALUES(127,'2020-10-13 09:07:28.559392','38','shayan79','',4,1,3);
INSERT INTO django_admin_log VALUES(128,'2020-10-13 09:07:34.178963','41','shayan123','',4,1,3);
INSERT INTO django_admin_log VALUES(129,'2020-10-13 09:07:40.268531','39','shayan0427','',4,1,3);
INSERT INTO django_admin_log VALUES(130,'2020-10-13 09:07:46.520056','43','sham123','',4,1,3);
INSERT INTO django_admin_log VALUES(131,'2020-10-13 09:07:52.367793','57','sh790427','',4,1,3);
INSERT INTO django_admin_log VALUES(132,'2020-10-13 09:07:58.254153','56','sh12345','',4,1,3);
INSERT INTO django_admin_log VALUES(133,'2020-10-13 09:08:04.110343','61','ms3945','',4,1,3);
INSERT INTO django_admin_log VALUES(134,'2020-10-13 09:08:10.723136','60','ms3939','',4,1,3);
INSERT INTO django_admin_log VALUES(135,'2020-10-13 09:08:16.644313','62','fs3945','',4,1,3);
INSERT INTO django_admin_log VALUES(136,'2020-10-13 09:08:22.551648','58','fi4545','',4,1,3);
INSERT INTO django_admin_log VALUES(137,'2020-10-13 09:08:29.631340','59','fi4539','',4,1,3);
INSERT INTO django_admin_log VALUES(138,'2020-10-13 09:08:35.821391','54','as123456','',4,1,3);
INSERT INTO django_admin_log VALUES(139,'2020-10-13 09:08:42.911061','55','as12345','',4,1,3);
INSERT INTO django_admin_log VALUES(140,'2020-10-13 09:08:50.998911','53','as1234','',4,1,3);
INSERT INTO django_admin_log VALUES(141,'2020-10-13 09:08:57.923596','51','amsh790427','',4,1,3);
INSERT INTO django_admin_log VALUES(142,'2020-10-13 09:09:03.034383','46','amsh79','',4,1,3);
INSERT INTO django_admin_log VALUES(143,'2020-10-13 09:09:08.575007','42','amsh123','',4,1,3);
INSERT INTO django_admin_log VALUES(144,'2020-10-13 09:09:13.842380','47','amsh0427','',4,1,3);
INSERT INTO django_admin_log VALUES(145,'2020-10-13 09:09:18.936193','52','aminsh790427','',4,1,3);
INSERT INTO django_admin_log VALUES(146,'2020-10-13 09:09:23.685302','49','aminsh79','',4,1,3);
INSERT INTO django_admin_log VALUES(147,'2020-10-13 09:09:29.322900','50','aminsh0427','',4,1,3);
INSERT INTO django_admin_log VALUES(148,'2020-10-13 09:09:36.482923','36','amin790427','',4,1,3);
INSERT INTO django_admin_log VALUES(149,'2020-10-13 09:09:41.347014','32','amin79','',4,1,3);
INSERT INTO django_admin_log VALUES(150,'2020-10-13 09:09:46.334745','33','amin1379','',4,1,3);
INSERT INTO django_admin_log VALUES(151,'2020-10-13 09:09:53.154702','37','amin123456','',4,1,3);
INSERT INTO django_admin_log VALUES(152,'2020-10-13 09:10:01.203830','35','amin12345','',4,1,3);
INSERT INTO django_admin_log VALUES(153,'2020-10-13 09:10:08.003762','34','amin1234','',4,1,3);
INSERT INTO django_admin_log VALUES(154,'2020-10-13 09:10:14.801363','40','amin123','',4,1,3);
INSERT INTO django_admin_log VALUES(155,'2020-10-13 09:10:31.076880','30','amin0427','',4,1,3);
INSERT INTO django_admin_log VALUES(156,'2020-10-13 09:10:41.349330','45','am123456','',4,1,3);
INSERT INTO django_admin_log VALUES(157,'2020-10-13 09:10:45.892001','44','am1234','',4,1,3);
INSERT INTO django_admin_log VALUES(158,'2020-10-14 08:17:09.640687','1','Discount_code object (1)','[{"added": {}}]',46,1,1);
INSERT INTO django_admin_log VALUES(159,'2020-10-14 15:13:02.641656','21','خودکار پنتر مدل Semi Gel بسته 2 عددی','[{"added": {}}, {"added": {"name": "image", "object": "Image object (34)"}}]',10,1,1);
INSERT INTO django_admin_log VALUES(160,'2020-10-14 15:13:30.983495','1','خودکار پنتر مدل Semi Gel بسته 2 عددی','[{"added": {}}]',13,1,1);
INSERT INTO django_admin_log VALUES(161,'2020-10-15 10:45:41.399182','22','لپ تاپ سامسونگ ان 4000','[{"added": {}}, {"added": {"name": "image", "object": "Image object (35)"}}, {"added": {"name": "image", "object": "Image object (36)"}}, {"added": {"name": "image", "object": "Image object (37)"}}, {"added": {"name": "image", "object": "Image object (38)"}}, {"added": {"name": "image", "object": "Image object (39)"}}]',10,1,1);
INSERT INTO django_admin_log VALUES(162,'2020-10-15 10:48:43.150862','6','لپ تاپ سامسونگ ان 4000','[{"added": {}}, {"added": {"name": "color", "object": "Color object (4)"}}, {"added": {"name": "lap top", "object": "LapTop object (6)"}}]',11,1,1);
INSERT INTO django_admin_log VALUES(163,'2020-10-15 12:11:21.376703','6','لپ تاپ سامسونگ ان 4000','',11,1,3);
INSERT INTO django_admin_log VALUES(164,'2020-10-15 12:11:33.001074','22','لپ تاپ سامسونگ ان 4000','',10,1,3);
INSERT INTO django_admin_log VALUES(165,'2020-10-15 12:28:28.191646','23','لپ تاپ 13 اینچی اپل مدل MacBook Air MWTJ2 2020','[{"added": {}}, {"added": {"name": "image", "object": "Image object (40)"}}, {"added": {"name": "image", "object": "Image object (41)"}}, {"added": {"name": "image", "object": "Image object (42)"}}, {"added": {"name": "image", "object": "Image object (43)"}}, {"added": {"name": "image", "object": "Image object (44)"}}]',10,1,1);
INSERT INTO django_admin_log VALUES(166,'2020-10-15 12:29:49.110333','23','لپ تاپ 13 اینچی اپل مدل MacBook Air MWTJ2 2020','[{"changed": {"fields": ["price", "real_price"]}}]',10,1,2);
INSERT INTO django_admin_log VALUES(167,'2020-10-15 12:30:59.168132','7','لپ تاپ 13 اینچی اپل مدل MacBook Air MWTJ2 2020','[{"added": {}}, {"added": {"name": "color", "object": "Color object (5)"}}, {"added": {"name": "lap top", "object": "LapTop object (7)"}}]',11,1,1);
INSERT INTO django_admin_log VALUES(168,'2020-10-15 12:38:35.665570','24','لپ تاپ 14 اینچی ایسوس مدل VivoBook A412FJ-EK301T','[{"added": {}}, {"added": {"name": "image", "object": "Image object (45)"}}, {"added": {"name": "image", "object": "Image object (46)"}}, {"added": {"name": "image", "object": "Image object (47)"}}, {"added": {"name": "image", "object": "Image object (48)"}}]',10,1,1);
INSERT INTO django_admin_log VALUES(169,'2020-10-15 12:39:35.851659','8','لپ تاپ 14 اینچی ایسوس مدل VivoBook A412FJ-EK301T','[{"added": {}}, {"added": {"name": "color", "object": "Color object (6)"}}, {"added": {"name": "lap top", "object": "LapTop object (8)"}}]',11,1,1);
INSERT INTO django_admin_log VALUES(170,'2020-10-15 12:39:51.053070','4','لپ تاپ 15 اینچی ایسوس مدل VivoBook X540UA - MR','[{"changed": {"name": "lap top", "object": "LapTop object (4)", "fields": ["storage"]}}]',11,1,2);
INSERT INTO django_admin_log VALUES(171,'2020-10-15 12:40:04.260782','5','لپ تاپ 14 اینچی هوآوی مدل MateBook X Pro - A','[{"changed": {"name": "lap top", "object": "LapTop object (5)", "fields": ["storage"]}}]',11,1,2);
INSERT INTO django_admin_log VALUES(172,'2020-10-15 12:46:43.778122','25','لپ تاپ 13 اینچی اپل مدل MacBook Pro MV972 2019 همراه با تاچ بار','[{"added": {}}, {"added": {"name": "image", "object": "Image object (49)"}}, {"added": {"name": "image", "object": "Image object (50)"}}, {"added": {"name": "image", "object": "Image object (51)"}}, {"added": {"name": "image", "object": "Image object (52)"}}]',10,1,1);
INSERT INTO django_admin_log VALUES(173,'2020-10-15 12:47:43.846053','9','لپ تاپ 13 اینچی اپل مدل MacBook Pro MV972 2019 همراه با تاچ بار','[{"added": {}}, {"added": {"name": "color", "object": "Color object (7)"}}, {"added": {"name": "lap top", "object": "LapTop object (9)"}}]',11,1,1);
INSERT INTO django_admin_log VALUES(174,'2020-10-15 13:04:05.581986','26','گوشی موبایل سامسونگ مدل Galaxy A51 SM-A515F.DSN دو سیم کارت','[{"added": {}}, {"added": {"name": "image", "object": "Image object (53)"}}, {"added": {"name": "image", "object": "Image object (54)"}}, {"added": {"name": "image", "object": "Image object (55)"}}, {"added": {"name": "image", "object": "Image object (56)"}}, {"added": {"name": "image", "object": "Image object (57)"}}]',10,1,1);
INSERT INTO django_admin_log VALUES(175,'2020-10-15 13:06:19.908237','10','گوشی موبایل سامسونگ مدل Galaxy A51 SM-A515F.DSN دو سیم کارت','[{"added": {}}, {"added": {"name": "color", "object": "Color object (8)"}}, {"added": {"name": "color", "object": "Color object (9)"}}, {"added": {"name": "color", "object": "Color object (10)"}}, {"added": {"name": "mobile", "object": "Mobile object (1)"}}]',11,1,1);
INSERT INTO django_admin_log VALUES(176,'2020-10-15 13:10:33.549991','27','گوشی موبایل هوآوی مدل P30 Pro VOG-L29 دو سیم کارت','[{"added": {}}, {"added": {"name": "image", "object": "Image object (58)"}}, {"added": {"name": "image", "object": "Image object (59)"}}, {"added": {"name": "image", "object": "Image object (60)"}}]',10,1,1);
INSERT INTO django_admin_log VALUES(177,'2020-10-15 13:11:58.808100','11','گوشی موبایل هوآوی مدل P30 Pro VOG-L29 دو سیم کارت','[{"added": {}}, {"added": {"name": "color", "object": "Color object (11)"}}, {"added": {"name": "mobile", "object": "Mobile object (2)"}}]',11,1,1);
INSERT INTO django_admin_log VALUES(178,'2020-10-15 13:18:37.805503','28','گوشی موبایل اپل مدل iPhone 11 Pro Max A2220 دو سیم‌ کارت','[{"added": {}}, {"added": {"name": "image", "object": "Image object (61)"}}, {"added": {"name": "image", "object": "Image object (62)"}}, {"added": {"name": "image", "object": "Image object (63)"}}, {"added": {"name": "image", "object": "Image object (64)"}}]',10,1,1);
INSERT INTO django_admin_log VALUES(179,'2020-10-15 13:19:53.186033','12','گوشی موبایل اپل مدل iPhone 11 Pro Max A2220 دو سیم‌ کارت','[{"added": {}}, {"added": {"name": "color", "object": "Color object (12)"}}, {"added": {"name": "color", "object": "Color object (13)"}}, {"added": {"name": "mobile", "object": "Mobile object (3)"}}]',11,1,1);
INSERT INTO django_admin_log VALUES(180,'2020-10-15 13:25:44.218988','29','گوشی موبایل هوآوی مدل Y8p AQM-LX1 دو سیم کارت','[{"added": {}}, {"added": {"name": "image", "object": "Image object (65)"}}, {"added": {"name": "image", "object": "Image object (66)"}}, {"added": {"name": "image", "object": "Image object (67)"}}]',10,1,1);
INSERT INTO django_admin_log VALUES(181,'2020-10-15 13:26:34.724004','13','گوشی موبایل هوآوی مدل Y8p AQM-LX1 دو سیم کارت','[{"added": {}}, {"added": {"name": "color", "object": "Color object (14)"}}, {"added": {"name": "lap top", "object": "LapTop object (10)"}}, {"added": {"name": "mobile", "object": "Mobile object (4)"}}]',11,1,1);
INSERT INTO django_admin_log VALUES(182,'2020-10-15 13:31:30.289919','30','گوشی موبایل سامسونگ مدل Galaxy A31 SM-A315F/DS دو سیم کارت','[{"added": {}}, {"added": {"name": "image", "object": "Image object (68)"}}, {"added": {"name": "image", "object": "Image object (69)"}}, {"added": {"name": "image", "object": "Image object (70)"}}]',10,1,1);
INSERT INTO django_admin_log VALUES(183,'2020-10-15 13:32:20.272261','14','گوشی موبایل سامسونگ مدل Galaxy A31 SM-A315F/DS دو سیم کارت','[{"added": {}}, {"added": {"name": "color", "object": "Color object (15)"}}, {"added": {"name": "color", "object": "Color object (16)"}}, {"added": {"name": "mobile", "object": "Mobile object (5)"}}]',11,1,1);
INSERT INTO django_admin_log VALUES(184,'2020-10-15 13:59:03.766902','31','هدفون زاکس لانگ مدل G17','[{"added": {}}, {"added": {"name": "image", "object": "Image object (71)"}}, {"added": {"name": "image", "object": "Image object (72)"}}, {"added": {"name": "image", "object": "Image object (73)"}}]',10,1,1);
INSERT INTO django_admin_log VALUES(185,'2020-10-15 14:00:34.063915','15','هدفون زاکس لانگ مدل G17','[{"added": {}}, {"added": {"name": "color", "object": "Color object (17)"}}]',11,1,1);
INSERT INTO django_admin_log VALUES(186,'2020-10-15 14:01:53.747742','32','هدفون بی سیم نیا مدل X3','[{"added": {}}, {"added": {"name": "image", "object": "Image object (74)"}}, {"added": {"name": "image", "object": "Image object (75)"}}]',10,1,1);
INSERT INTO django_admin_log VALUES(187,'2020-10-15 14:04:07.840075','16','هدفون بی سیم نیا مدل X3','[{"added": {}}, {"added": {"name": "headset", "object": "Headset object (1)"}}]',11,1,1);
INSERT INTO django_admin_log VALUES(188,'2020-10-15 14:04:18.416137','15','هدفون زاکس لانگ مدل G17','[{"changed": {"name": "color", "object": "Color object (17)", "fields": ["color"]}}]',11,1,2);
INSERT INTO django_admin_log VALUES(189,'2020-10-15 14:05:56.003158','33','هندزفری مدل GD-64','[{"added": {}}, {"added": {"name": "image", "object": "Image object (76)"}}, {"added": {"name": "image", "object": "Image object (77)"}}, {"added": {"name": "image", "object": "Image object (78)"}}]',10,1,1);
INSERT INTO django_admin_log VALUES(190,'2020-10-15 14:06:37.353996','17','هندزفری مدل GD-64','[{"added": {}}]',11,1,1);
INSERT INTO django_admin_log VALUES(191,'2020-10-15 14:07:57.680127','34','هندزفری مدل T2000','[{"added": {}}, {"added": {"name": "image", "object": "Image object (79)"}}, {"added": {"name": "image", "object": "Image object (80)"}}]',10,1,1);
INSERT INTO django_admin_log VALUES(192,'2020-10-15 14:08:47.398759','18','هندزفری مدل T2000','[{"added": {}}]',11,1,1);
INSERT INTO django_admin_log VALUES(193,'2020-10-15 14:11:09.928077','35','هدفون بلوتوث مالاتا مدل A71','[{"added": {}}, {"added": {"name": "image", "object": "Image object (81)"}}, {"added": {"name": "image", "object": "Image object (82)"}}, {"added": {"name": "image", "object": "Image object (83)"}}, {"added": {"name": "image", "object": "Image object (84)"}}]',10,1,1);
INSERT INTO django_admin_log VALUES(194,'2020-10-15 14:11:52.390719','19','هدفون بلوتوث مالاتا مدل A71','[{"added": {}}, {"added": {"name": "headset", "object": "Headset object (2)"}}]',11,1,1);
INSERT INTO django_admin_log VALUES(195,'2020-10-15 14:12:58.137166','31','هدفون زاکس لانگ مدل G17','[]',10,1,2);
INSERT INTO django_admin_log VALUES(196,'2020-10-15 14:15:51.081954','31','هدفون زاکس لانگ مدل G17','[{"changed": {"name": "image", "object": "Image object (71)", "fields": ["img_src"]}}, {"changed": {"name": "image", "object": "Image object (72)", "fields": ["img_src"]}}, {"changed": {"name": "image", "object": "Image object (73)", "fields": ["img_src"]}}]',10,1,2);
INSERT INTO django_admin_log VALUES(197,'2020-10-15 14:15:56.038128','15','هدفون زاکس لانگ مدل G17','[]',11,1,2);
INSERT INTO django_admin_log VALUES(198,'2020-10-15 14:18:50.835364','35','هدفون بلوتوث مالاتا مدل A71','[{"changed": {"name": "image", "object": "Image object (81)", "fields": ["img_src"]}}, {"changed": {"name": "image", "object": "Image object (82)", "fields": ["img_src"]}}, {"changed": {"name": "image", "object": "Image object (83)", "fields": ["img_src"]}}, {"changed": {"name": "image", "object": "Image object (84)", "fields": ["img_src"]}}]',10,1,2);
INSERT INTO django_admin_log VALUES(199,'2020-10-15 14:18:52.887335','19','هدفون بلوتوث مالاتا مدل A71','[]',11,1,2);
INSERT INTO django_admin_log VALUES(200,'2020-10-15 14:46:57.702636','36','شارژر دیواری سامسونگ مدل EP-TA300 به همراه کابل تبدیل USB-C','[{"added": {}}, {"added": {"name": "image", "object": "Image object (85)"}}, {"added": {"name": "image", "object": "Image object (86)"}}, {"added": {"name": "image", "object": "Image object (87)"}}]',10,1,1);
INSERT INTO django_admin_log VALUES(201,'2020-10-15 14:47:38.145851','20','شارژر دیواری سامسونگ مدل EP-TA300 به همراه کابل تبدیل USB-C','[{"added": {}}, {"added": {"name": "charger", "object": "Charger object (1)"}}]',11,1,1);
INSERT INTO django_admin_log VALUES(202,'2020-10-15 14:49:39.567905','37','شارژر دیواری مدل EP-TA20EWE به همراه کابل تبدیل microUSB','[{"added": {}}, {"added": {"name": "image", "object": "Image object (88)"}}, {"added": {"name": "image", "object": "Image object (89)"}}, {"added": {"name": "image", "object": "Image object (90)"}}]',10,1,1);
INSERT INTO django_admin_log VALUES(203,'2020-10-15 14:50:23.241780','21','شارژر دیواری مدل EP-TA20EWE به همراه کابل تبدیل microUSB','[{"added": {}}, {"added": {"name": "charger", "object": "Charger object (2)"}}]',11,1,1);
INSERT INTO django_admin_log VALUES(204,'2020-10-15 14:52:48.734358','38','شارژر دیواری سونی مدل EP880 به همراه کابل تبدیل microUSB','[{"added": {}}, {"added": {"name": "image", "object": "Image object (91)"}}, {"added": {"name": "image", "object": "Image object (92)"}}, {"added": {"name": "image", "object": "Image object (93)"}}, {"added": {"name": "image", "object": "Image object (94)"}}]',10,1,1);
INSERT INTO django_admin_log VALUES(205,'2020-10-15 14:54:36.213256','22','شارژر دیواری سونی مدل EP880 به همراه کابل تبدیل microUSB','[{"added": {}}, {"added": {"name": "charger", "object": "Charger object (3)"}}]',11,1,1);
INSERT INTO django_admin_log VALUES(206,'2020-10-15 15:02:28.177587','39','شارژر دیواری شیائومی مدل MDY-10-EF به همراه کابل تبدیل USB-C','[{"added": {}}, {"added": {"name": "image", "object": "Image object (95)"}}, {"added": {"name": "image", "object": "Image object (96)"}}, {"added": {"name": "image", "object": "Image object (97)"}}]',10,1,1);
INSERT INTO django_admin_log VALUES(207,'2020-10-15 15:03:04.555874','23','شارژر دیواری شیائومی مدل MDY-10-EF به همراه کابل تبدیل USB-C','[{"added": {}}, {"added": {"name": "charger", "object": "Charger object (4)"}}]',11,1,1);
INSERT INTO django_admin_log VALUES(208,'2020-10-15 15:04:52.868182','40','شارژر دیواری هوآوی مدل HW-050450E00 به همراه کابل تبدیل USB-C','[{"added": {}}, {"added": {"name": "image", "object": "Image object (98)"}}, {"added": {"name": "image", "object": "Image object (99)"}}, {"added": {"name": "image", "object": "Image object (100)"}}, {"added": {"name": "image", "object": "Image object (101)"}}, {"added": {"name": "image", "object": "Image object (102)"}}]',10,1,1);
INSERT INTO django_admin_log VALUES(209,'2020-10-15 15:05:26.395690','24','شارژر دیواری هوآوی مدل HW-050450E00 به همراه کابل تبدیل USB-C','[{"added": {}}, {"added": {"name": "charger", "object": "Charger object (5)"}}]',11,1,1);
INSERT INTO django_admin_log VALUES(210,'2020-10-15 15:40:51.580935','36','شارژر دیواری سامسونگ مدل EP-TA300 به همراه کابل تبدیل USB-C','[{"changed": {"name": "image", "object": "Image object (85)", "fields": ["img_src"]}}, {"changed": {"name": "image", "object": "Image object (86)", "fields": ["img_src"]}}, {"changed": {"name": "image", "object": "Image object (87)", "fields": ["img_src"]}}]',10,1,2);
INSERT INTO django_admin_log VALUES(211,'2020-10-15 15:40:55.666570','20','شارژر دیواری سامسونگ مدل EP-TA300 به همراه کابل تبدیل USB-C','[]',11,1,2);
INSERT INTO django_admin_log VALUES(212,'2020-10-16 06:17:34.214442','33','هندزفری مدل GD-64','[]',10,1,2);
INSERT INTO django_admin_log VALUES(213,'2020-10-16 06:17:36.587723','17','هندزفری مدل GD-64','[]',11,1,2);
INSERT INTO django_admin_log VALUES(214,'2020-10-16 06:18:35.813735','33','هندزفری مدل GD-64','[]',10,1,2);
INSERT INTO django_admin_log VALUES(215,'2020-10-16 06:18:41.613872','17','هندزفری مدل GD-64','[]',11,1,2);
INSERT INTO django_admin_log VALUES(216,'2020-10-16 10:02:18.220920','40','شارژر دیواری هوآوی مدل HW-050450E00 به همراه کابل تبدیل USB-C','[{"changed": {"fields": ["release_date"]}}]',10,1,2);
INSERT INTO django_admin_log VALUES(217,'2020-10-16 10:02:21.453528','24','شارژر دیواری هوآوی مدل HW-050450E00 به همراه کابل تبدیل USB-C','[]',11,1,2);
INSERT INTO django_admin_log VALUES(218,'2020-10-16 10:02:32.699260','39','شارژر دیواری شیائومی مدل MDY-10-EF به همراه کابل تبدیل USB-C','[{"changed": {"fields": ["release_date"]}}]',10,1,2);
INSERT INTO django_admin_log VALUES(219,'2020-10-16 10:02:35.707761','23','شارژر دیواری شیائومی مدل MDY-10-EF به همراه کابل تبدیل USB-C','[]',11,1,2);
INSERT INTO django_admin_log VALUES(220,'2020-10-16 10:02:52.941383','37','شارژر دیواری مدل EP-TA20EWE به همراه کابل تبدیل microUSB','[{"changed": {"fields": ["release_date"]}}]',10,1,2);
INSERT INTO django_admin_log VALUES(221,'2020-10-16 10:02:56.295686','21','شارژر دیواری مدل EP-TA20EWE به همراه کابل تبدیل microUSB','[]',11,1,2);
INSERT INTO django_admin_log VALUES(222,'2020-10-16 10:03:12.488570','36','شارژر دیواری سامسونگ مدل EP-TA300 به همراه کابل تبدیل USB-C','[{"changed": {"fields": ["release_date"]}}]',10,1,2);
INSERT INTO django_admin_log VALUES(223,'2020-10-16 10:03:14.906273','20','شارژر دیواری سامسونگ مدل EP-TA300 به همراه کابل تبدیل USB-C','[]',11,1,2);
INSERT INTO django_admin_log VALUES(224,'2020-10-16 10:03:32.769609','34','هندزفری مدل T2000','[{"changed": {"fields": ["release_date"]}}]',10,1,2);
INSERT INTO django_admin_log VALUES(225,'2020-10-16 10:03:35.332844','18','هندزفری مدل T2000','[]',11,1,2);
INSERT INTO django_admin_log VALUES(226,'2020-10-16 10:03:45.267259','33','هندزفری مدل GD-64','[{"changed": {"fields": ["release_date"]}}]',10,1,2);
INSERT INTO django_admin_log VALUES(227,'2020-10-16 10:03:47.306233','17','هندزفری مدل GD-64','[]',11,1,2);
INSERT INTO django_admin_log VALUES(228,'2020-10-16 10:04:00.413492','32','هدفون بی سیم نیا مدل X3','[{"changed": {"fields": ["release_date"]}}]',10,1,2);
INSERT INTO django_admin_log VALUES(229,'2020-10-16 10:04:02.542905','16','هدفون بی سیم نیا مدل X3','[]',11,1,2);
INSERT INTO django_admin_log VALUES(230,'2020-10-16 10:04:15.657614','31','هدفون زاکس لانگ مدل G17','[{"changed": {"fields": ["release_date"]}}]',10,1,2);
INSERT INTO django_admin_log VALUES(231,'2020-10-16 10:04:18.303138','15','هدفون زاکس لانگ مدل G17','[]',11,1,2);
INSERT INTO django_admin_log VALUES(232,'2020-10-16 10:04:34.812356','29','گوشی موبایل هوآوی مدل Y8p AQM-LX1 دو سیم کارت','[{"changed": {"fields": ["release_date"]}}]',10,1,2);
INSERT INTO django_admin_log VALUES(233,'2020-10-16 10:04:37.742537','13','گوشی موبایل هوآوی مدل Y8p AQM-LX1 دو سیم کارت','[]',11,1,2);
INSERT INTO django_admin_log VALUES(234,'2020-10-16 10:05:04.271131','28','گوشی موبایل اپل مدل iPhone 11 Pro Max A2220 دو سیم‌ کارت','[{"changed": {"fields": ["release_date"]}}]',10,1,2);
INSERT INTO django_admin_log VALUES(235,'2020-10-16 10:05:06.565274','12','گوشی موبایل اپل مدل iPhone 11 Pro Max A2220 دو سیم‌ کارت','[]',11,1,2);
INSERT INTO django_admin_log VALUES(236,'2020-10-16 10:05:22.372807','27','گوشی موبایل هوآوی مدل P30 Pro VOG-L29 دو سیم کارت','[{"changed": {"fields": ["release_date"]}}]',10,1,2);
INSERT INTO django_admin_log VALUES(237,'2020-10-16 10:05:24.305271','11','گوشی موبایل هوآوی مدل P30 Pro VOG-L29 دو سیم کارت','[]',11,1,2);
INSERT INTO django_admin_log VALUES(238,'2020-10-16 10:06:18.815188','24','لپ تاپ 14 اینچی ایسوس مدل VivoBook A412FJ-EK301T','[{"changed": {"fields": ["release_date"]}}]',10,1,2);
INSERT INTO django_admin_log VALUES(239,'2020-10-16 10:06:22.255509','8','لپ تاپ 14 اینچی ایسوس مدل VivoBook A412FJ-EK301T','[]',11,1,2);
INSERT INTO django_admin_log VALUES(240,'2020-10-16 10:06:41.781708','17','لپ تاپ 14 اینچی هوآوی مدل MateBook X Pro - A','[{"changed": {"fields": ["release_date"]}}]',10,1,2);
INSERT INTO django_admin_log VALUES(241,'2020-10-16 10:06:44.767481','5','لپ تاپ 14 اینچی هوآوی مدل MateBook X Pro - A','[]',11,1,2);
INSERT INTO django_admin_log VALUES(242,'2020-10-16 10:07:36.197680','34','هندزفری مدل T2000','[{"changed": {"fields": ["release_date"]}}]',10,1,2);
INSERT INTO django_admin_log VALUES(243,'2020-10-16 10:07:37.960647','18','هندزفری مدل T2000','[]',11,1,2);
INSERT INTO django_admin_log VALUES(244,'2020-10-16 12:33:21.047603','34','هندزفری مدل T2000','[{"changed": {"fields": ["num"]}}]',10,1,2);
INSERT INTO django_admin_log VALUES(245,'2020-10-16 12:33:23.075693','18','هندزفری مدل T2000','[]',11,1,2);
INSERT INTO django_admin_log VALUES(246,'2020-10-16 12:33:49.663649','35','هدفون بلوتوث مالاتا مدل A71','[{"changed": {"fields": ["num"]}}]',10,1,2);
INSERT INTO django_admin_log VALUES(247,'2020-10-16 12:33:51.523451','19','هدفون بلوتوث مالاتا مدل A71','[]',11,1,2);
INSERT INTO django_admin_log VALUES(248,'2020-10-16 14:17:33.583121','34','هندزفری مدل T2000','[{"changed": {"fields": ["num"]}}]',10,1,2);
INSERT INTO django_admin_log VALUES(249,'2020-10-17 13:55:23.777819','13','گوشی موبایل هوآوی مدل Y8p AQM-LX1 دو سیم کارت','[{"changed": {"fields": ["category_elec"]}}]',11,1,2);
INSERT INTO django_admin_log VALUES(250,'2020-10-18 12:28:39.947302','41','پیراهن مردانه کد M02328','[{"added": {}}, {"added": {"name": "image", "object": "Image object (103)"}}, {"added": {"name": "image", "object": "Image object (104)"}}, {"added": {"name": "image", "object": "Image object (105)"}}, {"added": {"name": "image", "object": "Image object (106)"}}]',10,1,1);
INSERT INTO django_admin_log VALUES(251,'2020-10-18 12:29:27.781297','8','پیراهن مردانه کد M02328','[{"added": {}}, {"added": {"name": "shirt", "object": "Shirt object (5)"}}]',18,1,1);
INSERT INTO django_admin_log VALUES(252,'2020-10-18 12:31:23.333134','42','پیراهن مردانه کد s20','[{"added": {}}, {"added": {"name": "image", "object": "Image object (107)"}}, {"added": {"name": "image", "object": "Image object (108)"}}]',10,1,1);
INSERT INTO django_admin_log VALUES(253,'2020-10-18 12:32:18.549564','9','پیراهن مردانه کد s20','[{"added": {}}, {"added": {"name": "size", "object": "Size object (5)"}}]',18,1,1);
INSERT INTO django_admin_log VALUES(254,'2020-10-18 12:35:25.813760','43','پیراهن آستین کوتاه مردانه نگین کد DAK-20845 رنگ سفید','[{"added": {}}, {"added": {"name": "image", "object": "Image object (109)"}}, {"added": {"name": "image", "object": "Image object (110)"}}, {"added": {"name": "image", "object": "Image object (111)"}}, {"added": {"name": "image", "object": "Image object (112)"}}]',10,1,1);
INSERT INTO django_admin_log VALUES(255,'2020-10-18 12:36:19.820838','10','پیراهن آستین کوتاه مردانه نگین کد DAK-20845 رنگ سفید','[{"added": {}}, {"added": {"name": "size", "object": "Size object (6)"}}, {"added": {"name": "size", "object": "Size object (7)"}}]',18,1,1);
INSERT INTO django_admin_log VALUES(256,'2020-10-18 13:19:04.498754','44','تی شرت مردانه طرح لیورپول کد 7A1','[{"added": {}}, {"added": {"name": "image", "object": "Image object (113)"}}, {"added": {"name": "image", "object": "Image object (114)"}}]',10,1,1);
INSERT INTO django_admin_log VALUES(257,'2020-10-18 13:20:24.515371','11','تی شرت مردانه طرح لیورپول کد 7A1','[{"added": {}}, {"added": {"name": "size", "object": "Size object (8)"}}, {"added": {"name": "size", "object": "Size object (9)"}}, {"added": {"name": "tshirt", "object": "Tshirt object (1)"}}]',18,1,1);
INSERT INTO django_admin_log VALUES(258,'2020-10-18 13:21:34.843953','45','تیشرت مردانه کد 347005314','[{"added": {}}, {"added": {"name": "image", "object": "Image object (115)"}}]',10,1,1);
INSERT INTO django_admin_log VALUES(259,'2020-10-18 13:22:42.872383','45','تیشرت مردانه کد 347005314','[{"added": {"name": "image", "object": "Image object (116)"}}, {"changed": {"name": "image", "object": "Image object (115)", "fields": ["img_src"]}}]',10,1,2);
INSERT INTO django_admin_log VALUES(260,'2020-10-18 13:23:28.056082','12','تیشرت مردانه کد 347005314','[{"added": {}}, {"added": {"name": "tshirt", "object": "Tshirt object (2)"}}]',18,1,1);
INSERT INTO django_admin_log VALUES(261,'2020-10-18 13:25:22.495265','46','پولوشرت مردانه وستیتی کد J7','[{"added": {}}, {"added": {"name": "image", "object": "Image object (117)"}}, {"added": {"name": "image", "object": "Image object (118)"}}, {"added": {"name": "image", "object": "Image object (119)"}}]',10,1,1);
INSERT INTO django_admin_log VALUES(262,'2020-10-18 13:26:01.123045','13','پولوشرت مردانه وستیتی کد J7','[{"added": {}}, {"added": {"name": "size", "object": "Size object (10)"}}, {"added": {"name": "tshirt", "object": "Tshirt object (3)"}}]',18,1,1);
INSERT INTO django_admin_log VALUES(263,'2020-10-18 13:28:35.422425','47','تی شرت مردانه به رسم طرح پیکان کد 2216','[{"added": {}}, {"added": {"name": "image", "object": "Image object (120)"}}, {"added": {"name": "image", "object": "Image object (121)"}}, {"added": {"name": "image", "object": "Image object (122)"}}]',10,1,1);
INSERT INTO django_admin_log VALUES(264,'2020-10-18 13:29:06.771144','14','تی شرت مردانه به رسم طرح پیکان کد 2216','[{"added": {}}, {"added": {"name": "size", "object": "Size object (11)"}}, {"added": {"name": "tshirt", "object": "Tshirt object (4)"}}]',18,1,1);
INSERT INTO django_admin_log VALUES(265,'2020-10-18 13:41:15.812056','48','تی شرت مردانه آر ان اس مدل 1131131-70','[{"added": {}}, {"added": {"name": "image", "object": "Image object (123)"}}, {"added": {"name": "image", "object": "Image object (124)"}}, {"added": {"name": "image", "object": "Image object (125)"}}]',10,1,1);
INSERT INTO django_admin_log VALUES(266,'2020-10-18 13:42:06.259278','15','تی شرت مردانه آر ان اس مدل 1131131-70','[{"added": {}}, {"added": {"name": "tshirt", "object": "Tshirt object (5)"}}]',18,1,1);
INSERT INTO django_admin_log VALUES(267,'2020-10-18 14:48:17.561454','49','شلوار مردانه کد TRO-COT-13 رنگ طوسی','[{"added": {}}, {"added": {"name": "image", "object": "Image object (126)"}}, {"added": {"name": "image", "object": "Image object (127)"}}]',10,1,1);
INSERT INTO django_admin_log VALUES(268,'2020-10-18 14:49:24.822836','16','شلوار مردانه کد TRO-COT-13 رنگ طوسی','[{"added": {}}, {"added": {"name": "pants", "object": "Pants object (4)"}}]',18,1,1);
INSERT INTO django_admin_log VALUES(269,'2020-10-18 14:51:08.386928','50','شلوار مردانه کد TRO-COT-2E رنگ سرمه ای','[{"added": {}}, {"added": {"name": "image", "object": "Image object (128)"}}, {"added": {"name": "image", "object": "Image object (129)"}}]',10,1,1);
INSERT INTO django_admin_log VALUES(270,'2020-10-18 14:51:27.019902','17','شلوار مردانه کد TRO-COT-2E رنگ سرمه ای','[{"added": {}}, {"added": {"name": "pants", "object": "Pants object (5)"}}]',18,1,1);
INSERT INTO django_admin_log VALUES(271,'2020-10-18 14:52:51.730045','51','شلوار مردانه مدل sha.jns.021','[{"added": {}}, {"added": {"name": "image", "object": "Image object (130)"}}, {"added": {"name": "image", "object": "Image object (131)"}}]',10,1,1);
INSERT INTO django_admin_log VALUES(272,'2020-10-18 14:53:30.812745','18','شلوار مردانه مدل sha.jns.021','[{"added": {}}, {"added": {"name": "pants", "object": "Pants object (6)"}}]',18,1,1);
INSERT INTO django_admin_log VALUES(273,'2020-10-18 14:55:38.077606','52','شلوار مردانه کد SA-ME رنگ مشکی','[{"added": {}}, {"added": {"name": "image", "object": "Image object (132)"}}, {"added": {"name": "image", "object": "Image object (133)"}}, {"added": {"name": "image", "object": "Image object (134)"}}, {"added": {"name": "image", "object": "Image object (135)"}}]',10,1,1);
INSERT INTO django_admin_log VALUES(274,'2020-10-18 14:56:02.321019','19','شلوار مردانه کد SA-ME رنگ مشکی','[{"added": {}}, {"added": {"name": "pants", "object": "Pants object (7)"}}]',18,1,1);
INSERT INTO django_admin_log VALUES(275,'2020-10-18 14:57:47.757367','53','شلوار مردانه پیمان شاکر مدل 2401104-92','[{"added": {}}, {"added": {"name": "image", "object": "Image object (136)"}}, {"added": {"name": "image", "object": "Image object (137)"}}, {"added": {"name": "image", "object": "Image object (138)"}}]',10,1,1);
INSERT INTO django_admin_log VALUES(276,'2020-10-18 14:58:04.193653','20','شلوار مردانه پیمان شاکر مدل 2401104-92','[{"added": {}}, {"added": {"name": "pants", "object": "Pants object (8)"}}]',18,1,1);
INSERT INTO django_admin_log VALUES(277,'2020-10-18 15:12:25.325360','54','مانتو زنانه دِرِس ایگو کد 1100030 رنگ صورتی','[{"added": {}}, {"added": {"name": "image", "object": "Image object (139)"}}, {"added": {"name": "image", "object": "Image object (140)"}}, {"added": {"name": "image", "object": "Image object (141)"}}, {"added": {"name": "image", "object": "Image object (142)"}}]',10,1,1);
INSERT INTO django_admin_log VALUES(278,'2020-10-18 15:13:40.792642','21','مانتو زنانه دِرِس ایگو کد 1100030 رنگ صورتی','[{"added": {}}, {"added": {"name": "manto", "object": "Manto object (1)"}}]',18,1,1);
INSERT INTO django_admin_log VALUES(279,'2020-10-18 15:16:05.259231','55','مانتو زنانه مانتو ولیعصر مدل ساینا کد 60401','[{"added": {}}, {"added": {"name": "image", "object": "Image object (143)"}}, {"added": {"name": "image", "object": "Image object (144)"}}, {"added": {"name": "image", "object": "Image object (145)"}}, {"added": {"name": "image", "object": "Image object (146)"}}]',10,1,1);
INSERT INTO django_admin_log VALUES(280,'2020-10-18 15:26:20.649014','22','مانتو زنانه مانتو ولیعصر مدل ساینا کد 60401','[{"added": {}}, {"added": {"name": "manto", "object": "Manto object (2)"}}]',18,1,1);
INSERT INTO django_admin_log VALUES(281,'2020-10-18 15:28:52.685120','56','مانتو زنانه مدل بانو رنگ مشکی','[{"added": {}}, {"added": {"name": "image", "object": "Image object (147)"}}, {"added": {"name": "image", "object": "Image object (148)"}}, {"added": {"name": "image", "object": "Image object (149)"}}, {"added": {"name": "image", "object": "Image object (150)"}}]',10,1,1);
INSERT INTO django_admin_log VALUES(282,'2020-10-18 15:29:31.237298','23','مانتو زنانه مدل بانو رنگ مشکی','[{"added": {}}, {"added": {"name": "manto", "object": "Manto object (3)"}}]',18,1,1);
INSERT INTO django_admin_log VALUES(283,'2020-10-18 15:32:47.414412','57','مانتو بافت زنانه طرح آجر کد M-so1','[{"added": {}}, {"added": {"name": "image", "object": "Image object (151)"}}, {"added": {"name": "image", "object": "Image object (152)"}}, {"added": {"name": "image", "object": "Image object (153)"}}]',10,1,1);
INSERT INTO django_admin_log VALUES(284,'2020-10-18 15:34:34.333616','24','مانتو بافت زنانه طرح آجر کد M-so1','[{"added": {}}, {"added": {"name": "manto", "object": "Manto object (4)"}}]',18,1,1);
INSERT INTO django_admin_log VALUES(285,'2020-10-18 15:39:03.843428','58','مانتو زنانه مانتو ولیعصر مدل دلربا کد 60003','[{"added": {}}, {"added": {"name": "image", "object": "Image object (154)"}}, {"added": {"name": "image", "object": "Image object (155)"}}, {"added": {"name": "image", "object": "Image object (156)"}}, {"added": {"name": "image", "object": "Image object (157)"}}]',10,1,1);
INSERT INTO django_admin_log VALUES(286,'2020-10-18 15:39:24.348406','25','مانتو زنانه مانتو ولیعصر مدل دلربا کد 60003','[{"added": {}}, {"added": {"name": "manto", "object": "Manto object (5)"}}]',18,1,1);
INSERT INTO django_admin_log VALUES(287,'2020-10-18 16:01:05.384204','59','بادی زنانه هالیدی مدل 807068-black','[{"added": {}}, {"added": {"name": "image", "object": "Image object (158)"}}, {"added": {"name": "image", "object": "Image object (159)"}}, {"added": {"name": "image", "object": "Image object (160)"}}, {"added": {"name": "image", "object": "Image object (161)"}}]',10,1,1);
INSERT INTO django_admin_log VALUES(288,'2020-10-18 16:02:20.515769','26','بادی زنانه هالیدی مدل 807068-black','[{"added": {}}, {"added": {"name": "blouse", "object": "Blouse object (1)"}}]',18,1,1);
INSERT INTO django_admin_log VALUES(289,'2020-10-18 16:04:08.123235','60','بلوز زنانه کد 207G.05Y','[{"added": {}}, {"added": {"name": "image", "object": "Image object (162)"}}, {"added": {"name": "image", "object": "Image object (163)"}}, {"added": {"name": "image", "object": "Image object (164)"}}]',10,1,1);
INSERT INTO django_admin_log VALUES(290,'2020-10-18 16:04:33.128821','27','بلوز زنانه کد 207G.05Y','[{"added": {}}, {"added": {"name": "blouse", "object": "Blouse object (2)"}}]',18,1,1);
INSERT INTO django_admin_log VALUES(291,'2020-10-18 16:06:19.817346','61','بلوز زنانه کد 216TRH.CR','[{"added": {}}, {"added": {"name": "image", "object": "Image object (165)"}}, {"added": {"name": "image", "object": "Image object (166)"}}, {"added": {"name": "image", "object": "Image object (167)"}}, {"added": {"name": "image", "object": "Image object (168)"}}]',10,1,1);
INSERT INTO django_admin_log VALUES(292,'2020-10-18 16:06:43.306838','28','بلوز زنانه کد 216TRH.CR','[{"added": {}}, {"added": {"name": "blouse", "object": "Blouse object (3)"}}]',18,1,1);
INSERT INTO django_admin_log VALUES(293,'2020-10-18 16:08:39.727914','62','بلوز زنانه کد 217DB.C','[{"added": {}}, {"added": {"name": "image", "object": "Image object (169)"}}, {"added": {"name": "image", "object": "Image object (170)"}}, {"added": {"name": "image", "object": "Image object (171)"}}, {"added": {"name": "image", "object": "Image object (172)"}}]',10,1,1);
INSERT INTO django_admin_log VALUES(294,'2020-10-18 16:09:07.604659','29','بلوز زنانه کد 217DB.C','[{"added": {}}, {"added": {"name": "blouse", "object": "Blouse object (4)"}}]',18,1,1);
INSERT INTO django_admin_log VALUES(295,'2020-10-18 16:10:54.641913','63','بلوز زنانه کد 207G.03BK','[{"added": {}}, {"added": {"name": "image", "object": "Image object (173)"}}, {"added": {"name": "image", "object": "Image object (174)"}}, {"added": {"name": "image", "object": "Image object (175)"}}]',10,1,1);
INSERT INTO django_admin_log VALUES(296,'2020-10-18 16:11:14.569574','30','بلوز زنانه کد 207G.03BK','[{"added": {}}, {"added": {"name": "blouse", "object": "Blouse object (5)"}}]',18,1,1);
INSERT INTO django_admin_log VALUES(297,'2020-10-18 16:37:15.456330','64','شلوار زنانه مون مدل 163111699','[{"added": {}}, {"added": {"name": "image", "object": "Image object (176)"}}, {"added": {"name": "image", "object": "Image object (177)"}}, {"added": {"name": "image", "object": "Image object (178)"}}]',10,1,1);
INSERT INTO django_admin_log VALUES(298,'2020-10-18 16:37:44.775865','31','شلوار زنانه مون مدل 163111699','[{"added": {}}, {"added": {"name": "pants", "object": "Pants object (9)"}}]',18,1,1);
INSERT INTO django_admin_log VALUES(299,'2020-10-18 16:39:05.143304','65','شلوار زنانه کد CRP90GY','[{"added": {}}, {"added": {"name": "image", "object": "Image object (179)"}}, {"added": {"name": "image", "object": "Image object (180)"}}, {"added": {"name": "image", "object": "Image object (181)"}}]',10,1,1);
INSERT INTO django_admin_log VALUES(300,'2020-10-18 16:39:37.148941','32','شلوار زنانه کد CRP90GY','[{"added": {}}, {"added": {"name": "pants", "object": "Pants object (10)"}}]',18,1,1);
INSERT INTO django_admin_log VALUES(301,'2020-10-18 16:41:05.394727','66','شلوار جین جذب زنانه - میس بن بن','[{"added": {}}, {"added": {"name": "image", "object": "Image object (182)"}}, {"added": {"name": "image", "object": "Image object (183)"}}, {"added": {"name": "image", "object": "Image object (184)"}}]',10,1,1);
INSERT INTO django_admin_log VALUES(302,'2020-10-18 16:41:51.849183','33','شلوار جین جذب زنانه - میس بن بن','[{"added": {}}, {"added": {"name": "pants", "object": "Pants object (11)"}}]',18,1,1);
INSERT INTO django_admin_log VALUES(303,'2020-10-18 16:43:26.653444','67','شلوار زنانه مدل TR.CRM.BND1','[{"added": {}}, {"added": {"name": "image", "object": "Image object (185)"}}, {"added": {"name": "image", "object": "Image object (186)"}}, {"added": {"name": "image", "object": "Image object (187)"}}]',10,1,1);
INSERT INTO django_admin_log VALUES(304,'2020-10-18 16:43:45.649091','34','شلوار زنانه مدل TR.CRM.BND1','[{"added": {}}, {"added": {"name": "pants", "object": "Pants object (12)"}}]',18,1,1);
INSERT INTO django_admin_log VALUES(305,'2020-10-18 16:45:17.517106','68','شلوار زنانه آر ان اس مدل 104047-41','[{"added": {}}, {"added": {"name": "image", "object": "Image object (188)"}}, {"added": {"name": "image", "object": "Image object (189)"}}, {"added": {"name": "image", "object": "Image object (190)"}}]',10,1,1);
INSERT INTO django_admin_log VALUES(306,'2020-10-18 16:45:51.524077','35','شلوار زنانه آر ان اس مدل 104047-41','[{"added": {}}, {"added": {"name": "pants", "object": "Pants object (13)"}}]',18,1,1);
INSERT INTO django_admin_log VALUES(307,'2020-10-19 07:02:01.082881','13','گوشی موبایل هوآوی مدل Y8p AQM-LX1 دو سیم کارت','[{"changed": {"name": "lap top", "object": "LapTop object (10)", "fields": ["ram"]}}, {"changed": {"name": "mobile", "object": "Mobile object (4)", "fields": ["ram"]}}]',11,1,2);
INSERT INTO django_admin_log VALUES(308,'2020-10-19 08:29:03.904538','15','هدفون زاکس لانگ مدل G17','[]',11,1,2);
INSERT INTO django_admin_log VALUES(309,'2020-10-19 10:22:12.480999','15','پیراهن مردانه مدل L-BR','[{"changed": {"fields": ["release_date"]}}]',10,1,2);
INSERT INTO django_admin_log VALUES(310,'2020-10-19 10:40:13.802269','15','پیراهن مردانه مدل L-BR','[{"changed": {"fields": ["release_date"]}}]',10,1,2);
INSERT INTO django_admin_log VALUES(311,'2020-10-19 10:40:16.345553','7','پیراهن مردانه مدل L-BR','[]',18,1,2);
INSERT INTO django_admin_log VALUES(312,'2020-10-19 18:33:49.992521','51','شلوار مردانه مدل sha.jns.021','[{"added": {"name": "image", "object": "Image object (191)"}}, {"changed": {"name": "image", "object": "Image object (130)", "fields": ["img_src"]}}, {"changed": {"name": "image", "object": "Image object (131)", "fields": ["img_src"]}}]',10,1,2);
INSERT INTO django_admin_log VALUES(313,'2020-10-19 18:33:53.552281','18','شلوار مردانه مدل sha.jns.021','[]',18,1,2);
INSERT INTO django_admin_log VALUES(314,'2020-10-20 14:39:32.130760','69','یخچال و فریزر ساید بای ساید اسنوا مدل S8-2261S','[{"added": {}}, {"added": {"name": "image", "object": "Image object (192)"}}, {"added": {"name": "image", "object": "Image object (193)"}}]',10,1,1);
INSERT INTO django_admin_log VALUES(315,'2020-10-20 14:40:48.301028','3','یخچال و فریزر ساید بای ساید اسنوا مدل S8-2261S','[{"added": {}}, {"added": {"name": "refrigerator", "object": "Refrigerator object (3)"}}]',20,1,1);
INSERT INTO django_admin_log VALUES(316,'2020-10-20 14:42:14.143324','70','یخچال و فریزر ساید بای ساید اسنوا مدل S8-2352','[{"added": {}}, {"added": {"name": "image", "object": "Image object (194)"}}, {"added": {"name": "image", "object": "Image object (195)"}}, {"added": {"name": "image", "object": "Image object (196)"}}]',10,1,1);
INSERT INTO django_admin_log VALUES(317,'2020-10-20 14:43:02.361755','4','یخچال و فریزر ساید بای ساید اسنوا مدل S8-2352','[{"added": {}}, {"added": {"name": "refrigerator", "object": "Refrigerator object (4)"}}]',20,1,1);
INSERT INTO django_admin_log VALUES(318,'2020-10-20 14:44:57.708390','71','یخچال و فریزر امرسان مدلBFN20D321','[{"added": {}}, {"added": {"name": "image", "object": "Image object (197)"}}, {"added": {"name": "image", "object": "Image object (198)"}}, {"added": {"name": "image", "object": "Image object (199)"}}, {"added": {"name": "image", "object": "Image object (200)"}}]',10,1,1);
INSERT INTO django_admin_log VALUES(319,'2020-10-20 14:46:30.825106','5','یخچال و فریزر امرسان مدلBFN20D321','[{"added": {}}, {"added": {"name": "refrigerator", "object": "Refrigerator object (5)"}}]',20,1,1);
INSERT INTO django_admin_log VALUES(320,'2020-10-20 14:47:54.007688','72','یخچال و فریزر امرسان مدل TFH14T','[{"added": {}}, {"added": {"name": "image", "object": "Image object (201)"}}, {"added": {"name": "image", "object": "Image object (202)"}}, {"added": {"name": "image", "object": "Image object (203)"}}]',10,1,1);
INSERT INTO django_admin_log VALUES(321,'2020-10-20 14:48:20.366327','6','یخچال و فریزر امرسان مدل TFH14T','[{"added": {}}, {"added": {"name": "refrigerator", "object": "Refrigerator object (6)"}}]',20,1,1);
INSERT INTO django_admin_log VALUES(322,'2020-10-20 15:07:22.989940','73','تلویزیون ال ای دی ال جی مدل 43LJ52100 سایز 43 اینچ','[{"added": {}}, {"added": {"name": "image", "object": "Image object (204)"}}, {"added": {"name": "image", "object": "Image object (205)"}}, {"added": {"name": "image", "object": "Image object (206)"}}, {"added": {"name": "image", "object": "Image object (207)"}}]',10,1,1);
INSERT INTO django_admin_log VALUES(323,'2020-10-20 15:08:31.626970','7','تلویزیون ال ای دی ال جی مدل 43LJ52100 سایز 43 اینچ','[{"added": {}}, {"added": {"name": "tv", "object": "TV object (1)"}}]',20,1,1);
INSERT INTO django_admin_log VALUES(324,'2020-10-20 15:10:29.675933','74','تلویزیون ال ای دی هوشمند ال جی مدل 43LJ55000 سایز 43 اینچ','[{"added": {}}, {"added": {"name": "image", "object": "Image object (208)"}}, {"added": {"name": "image", "object": "Image object (209)"}}, {"added": {"name": "image", "object": "Image object (210)"}}, {"added": {"name": "image", "object": "Image object (211)"}}, {"added": {"name": "image", "object": "Image object (212)"}}]',10,1,1);
INSERT INTO django_admin_log VALUES(325,'2020-10-20 15:10:55.511560','8','تلویزیون ال ای دی هوشمند ال جی مدل 43LJ55000 سایز 43 اینچ','[{"added": {}}, {"added": {"name": "tv", "object": "TV object (2)"}}]',20,1,1);
INSERT INTO django_admin_log VALUES(326,'2020-10-20 15:12:46.128665','75','تلویزیون ال ای دی ال جی مدل 49UJ66000GI سایز 49 اینچ','[{"added": {}}, {"added": {"name": "image", "object": "Image object (213)"}}, {"added": {"name": "image", "object": "Image object (214)"}}, {"added": {"name": "image", "object": "Image object (215)"}}, {"added": {"name": "image", "object": "Image object (216)"}}, {"added": {"name": "image", "object": "Image object (217)"}}]',10,1,1);
INSERT INTO django_admin_log VALUES(327,'2020-10-20 15:13:17.509882','9','تلویزیون ال ای دی ال جی مدل 49UJ66000GI سایز 49 اینچ','[{"added": {}}, {"added": {"name": "tv", "object": "TV object (3)"}}]',20,1,1);
INSERT INTO django_admin_log VALUES(328,'2020-10-20 15:15:11.726899','76','تلویزیون ال ای دی ال جی مدل 49UK66000GI سایز 49 اینچ','[{"added": {}}, {"added": {"name": "image", "object": "Image object (218)"}}, {"added": {"name": "image", "object": "Image object (219)"}}, {"added": {"name": "image", "object": "Image object (220)"}}, {"added": {"name": "image", "object": "Image object (221)"}}, {"added": {"name": "image", "object": "Image object (222)"}}]',10,1,1);
INSERT INTO django_admin_log VALUES(329,'2020-10-20 15:15:49.549662','10','تلویزیون ال ای دی ال جی مدل 49UK66000GI سایز 49 اینچ','[{"added": {}}, {"added": {"name": "tv", "object": "TV object (4)"}}]',20,1,1);
INSERT INTO django_admin_log VALUES(330,'2020-10-20 15:17:47.532385','77','تلویزیون ال ای دی هوشمند ال جی مدل 60SJ85000GI-TA سایز 60 اینچ','[{"added": {}}, {"added": {"name": "image", "object": "Image object (223)"}}, {"added": {"name": "image", "object": "Image object (224)"}}, {"added": {"name": "image", "object": "Image object (225)"}}, {"added": {"name": "image", "object": "Image object (226)"}}, {"added": {"name": "image", "object": "Image object (227)"}}]',10,1,1);
INSERT INTO django_admin_log VALUES(331,'2020-10-20 15:18:08.209872','11','تلویزیون ال ای دی هوشمند ال جی مدل 60SJ85000GI-TA سایز 60 اینچ','[{"added": {}}, {"added": {"name": "tv", "object": "TV object (5)"}}]',20,1,1);
INSERT INTO django_admin_log VALUES(332,'2020-10-21 06:34:11.227650','78','ماشین لباسشویی بوش مدل WAW3256XGC ظرفیت 9 کیلوگرم','[{"added": {}}, {"added": {"name": "image", "object": "Image object (228)"}}, {"added": {"name": "image", "object": "Image object (229)"}}, {"added": {"name": "image", "object": "Image object (230)"}}, {"added": {"name": "image", "object": "Image object (231)"}}]',10,1,1);
INSERT INTO django_admin_log VALUES(333,'2020-10-21 06:34:50.983304','12','ماشین لباسشویی بوش مدل WAW3256XGC ظرفیت 9 کیلوگرم','[{"added": {}}, {"added": {"name": "washing_machine", "object": "Washing_machine object (1)"}}]',20,1,1);
INSERT INTO django_admin_log VALUES(334,'2020-10-21 06:36:20.941803','79','ماشین لباسشویی بوش مدل WAW324DE ظرفیت 8 کیلوگرم','[{"added": {}}, {"added": {"name": "image", "object": "Image object (232)"}}, {"added": {"name": "image", "object": "Image object (233)"}}, {"added": {"name": "image", "object": "Image object (234)"}}]',10,1,1);
INSERT INTO django_admin_log VALUES(335,'2020-10-21 06:36:44.375042','13','ماشین لباسشویی بوش مدل WAW324DE ظرفیت 8 کیلوگرم','[{"added": {}}, {"added": {"name": "washing_machine", "object": "Washing_machine object (2)"}}]',20,1,1);
INSERT INTO django_admin_log VALUES(336,'2020-10-21 06:38:22.021353','80','ماشین لباسشویی جی پلاس مدل GWM-K945S ظرفیت 9 کیلوگرم','[{"added": {}}, {"added": {"name": "image", "object": "Image object (235)"}}, {"added": {"name": "image", "object": "Image object (236)"}}, {"added": {"name": "image", "object": "Image object (237)"}}, {"added": {"name": "image", "object": "Image object (238)"}}]',10,1,1);
INSERT INTO django_admin_log VALUES(337,'2020-10-21 06:38:52.082265','14','ماشین لباسشویی جی پلاس مدل GWM-K945S ظرفیت 9 کیلوگرم','[{"added": {}}, {"added": {"name": "washing_machine", "object": "Washing_machine object (3)"}}]',20,1,1);
INSERT INTO django_admin_log VALUES(338,'2020-10-21 06:39:27.982576','81','ماشین لباسشویی ال جی پلاس مدل GWM-K723W ظرفیت 7.5 کیلوگرم','[{"added": {}}, {"added": {"name": "image", "object": "Image object (239)"}}]',10,1,1);
INSERT INTO django_admin_log VALUES(339,'2020-10-21 06:40:35.870324','81','ماشین لباسشویی ال جی پلاس مدل GWM-K723W ظرفیت 7.5 کیلوگرم','[{"added": {"name": "image", "object": "Image object (240)"}}, {"added": {"name": "image", "object": "Image object (241)"}}, {"added": {"name": "image", "object": "Image object (242)"}}, {"added": {"name": "image", "object": "Image object (243)"}}, {"changed": {"name": "image", "object": "Image object (239)", "fields": ["img_src"]}}]',10,1,2);
INSERT INTO django_admin_log VALUES(340,'2020-10-21 06:41:18.241953','15','ماشین لباسشویی ال جی پلاس مدل GWM-K723W ظرفیت 7.5 کیلوگرم','[{"added": {}}, {"added": {"name": "washing_machine", "object": "Washing_machine object (4)"}}]',20,1,1);
INSERT INTO django_admin_log VALUES(341,'2020-10-21 06:43:01.328157','82','ماشین لباسشویی جی پلاس مدل GWM-KD1048S ظرفیت 10.5 کیلوگرم','[{"added": {}}, {"added": {"name": "image", "object": "Image object (244)"}}, {"added": {"name": "image", "object": "Image object (245)"}}, {"added": {"name": "image", "object": "Image object (246)"}}, {"added": {"name": "image", "object": "Image object (247)"}}]',10,1,1);
INSERT INTO django_admin_log VALUES(342,'2020-10-21 06:43:25.112064','16','ماشین لباسشویی جی پلاس مدل GWM-KD1048S ظرفیت 10.5 کیلوگرم','[{"added": {}}, {"added": {"name": "washing_machine", "object": "Washing_machine object (5)"}}]',20,1,1);
INSERT INTO django_admin_log VALUES(343,'2020-10-21 06:59:47.026441','83','مبل راحتی هفت نفره مدل Pamir Lau','[{"added": {}}, {"added": {"name": "image", "object": "Image object (248)"}}, {"added": {"name": "image", "object": "Image object (249)"}}, {"added": {"name": "image", "object": "Image object (250)"}}, {"added": {"name": "image", "object": "Image object (251)"}}]',10,1,1);
INSERT INTO django_admin_log VALUES(344,'2020-10-21 07:00:35.266995','17','مبل راحتی هفت نفره مدل Pamir Lau','[{"added": {}}, {"added": {"name": "sofa", "object": "Sofa object (1)"}}]',20,1,1);
INSERT INTO django_admin_log VALUES(345,'2020-10-21 07:03:18.867449','84','مبل راحتی هفت نفره مدل کم جا کد 003','[{"added": {}}, {"added": {"name": "image", "object": "Image object (252)"}}, {"added": {"name": "image", "object": "Image object (253)"}}, {"added": {"name": "image", "object": "Image object (254)"}}, {"added": {"name": "image", "object": "Image object (255)"}}, {"added": {"name": "image", "object": "Image object (256)"}}]',10,1,1);
INSERT INTO django_admin_log VALUES(346,'2020-10-21 07:03:32.114205','18','مبل راحتی هفت نفره مدل کم جا کد 003','[{"added": {}}, {"added": {"name": "sofa", "object": "Sofa object (2)"}}]',20,1,1);
INSERT INTO django_admin_log VALUES(347,'2020-10-21 07:05:08.709769','85','مبل راحتی 7 نفره چشمه نور کد MA201-N-GR','[{"added": {}}, {"added": {"name": "image", "object": "Image object (257)"}}, {"added": {"name": "image", "object": "Image object (258)"}}, {"added": {"name": "image", "object": "Image object (259)"}}, {"added": {"name": "image", "object": "Image object (260)"}}, {"added": {"name": "image", "object": "Image object (261)"}}]',10,1,1);
INSERT INTO django_admin_log VALUES(348,'2020-10-21 07:05:29.798818','19','مبل راحتی 7 نفره چشمه نور کد MA201-N-GR','[{"added": {}}, {"added": {"name": "sofa", "object": "Sofa object (3)"}}]',20,1,1);
INSERT INTO django_admin_log VALUES(349,'2020-10-21 07:06:58.080204','86','مبل 7 نفره آرتان کد 008','[{"added": {}}, {"added": {"name": "image", "object": "Image object (262)"}}, {"added": {"name": "image", "object": "Image object (263)"}}, {"added": {"name": "image", "object": "Image object (264)"}}, {"added": {"name": "image", "object": "Image object (265)"}}]',10,1,1);
INSERT INTO django_admin_log VALUES(350,'2020-10-21 07:07:08.945639','20','مبل 7 نفره آرتان کد 008','[{"added": {}}, {"added": {"name": "sofa", "object": "Sofa object (4)"}}]',20,1,1);
INSERT INTO django_admin_log VALUES(351,'2020-10-21 07:08:56.663286','87','مبل راحتی 8 نفره مدل وارنا کد 3','[{"added": {}}, {"added": {"name": "image", "object": "Image object (266)"}}, {"added": {"name": "image", "object": "Image object (267)"}}, {"added": {"name": "image", "object": "Image object (268)"}}, {"added": {"name": "image", "object": "Image object (269)"}}]',10,1,1);
INSERT INTO django_admin_log VALUES(352,'2020-10-21 07:09:26.573158','21','مبل راحتی 8 نفره مدل وارنا کد 3','[{"added": {}}, {"added": {"name": "sofa", "object": "Sofa object (5)"}}]',20,1,1);
INSERT INTO django_admin_log VALUES(353,'2020-10-21 07:40:08.843455','8','تلویزیون ال ای دی هوشمند ال جی مدل 43LJ55000 سایز 43 اینچ','[{"changed": {"fields": ["category_happ"]}}]',20,1,2);
INSERT INTO django_admin_log VALUES(354,'2020-10-21 07:40:18.729932','9','تلویزیون ال ای دی ال جی مدل 49UJ66000GI سایز 49 اینچ','[{"changed": {"fields": ["category_happ"]}}]',20,1,2);
INSERT INTO django_admin_log VALUES(355,'2020-10-21 07:40:25.604397','10','تلویزیون ال ای دی ال جی مدل 49UK66000GI سایز 49 اینچ','[{"changed": {"fields": ["category_happ"]}}]',20,1,2);
INSERT INTO django_admin_log VALUES(356,'2020-10-21 07:40:35.069650','11','تلویزیون ال ای دی هوشمند ال جی مدل 60SJ85000GI-TA سایز 60 اینچ','[{"changed": {"fields": ["category_happ"]}}]',20,1,2);
INSERT INTO django_admin_log VALUES(357,'2020-10-21 07:40:45.254975','12','ماشین لباسشویی بوش مدل WAW3256XGC ظرفیت 9 کیلوگرم','[{"changed": {"fields": ["category_happ"]}}]',20,1,2);
INSERT INTO django_admin_log VALUES(358,'2020-10-21 07:41:55.860043','13','ماشین لباسشویی بوش مدل WAW324DE ظرفیت 8 کیلوگرم','[{"changed": {"fields": ["category_happ"]}}]',20,1,2);
INSERT INTO django_admin_log VALUES(359,'2020-10-21 07:42:10.982929','14','ماشین لباسشویی جی پلاس مدل GWM-K945S ظرفیت 9 کیلوگرم','[{"changed": {"fields": ["category_happ"]}}]',20,1,2);
INSERT INTO django_admin_log VALUES(360,'2020-10-21 07:42:18.781764','15','ماشین لباسشویی ال جی پلاس مدل GWM-K723W ظرفیت 7.5 کیلوگرم','[{"changed": {"fields": ["category_happ"]}}]',20,1,2);
INSERT INTO django_admin_log VALUES(361,'2020-10-21 07:42:24.052273','16','ماشین لباسشویی جی پلاس مدل GWM-KD1048S ظرفیت 10.5 کیلوگرم','[{"changed": {"fields": ["category_happ"]}}]',20,1,2);
INSERT INTO django_admin_log VALUES(362,'2020-10-21 07:42:30.738747','17','مبل راحتی هفت نفره مدل Pamir Lau','[{"changed": {"fields": ["category_happ"]}}]',20,1,2);
INSERT INTO django_admin_log VALUES(363,'2020-10-21 07:42:34.978450','18','مبل راحتی هفت نفره مدل کم جا کد 003','[{"changed": {"fields": ["category_happ"]}}]',20,1,2);
INSERT INTO django_admin_log VALUES(364,'2020-10-21 07:42:40.108865','20','مبل 7 نفره آرتان کد 008','[{"changed": {"fields": ["category_happ"]}}]',20,1,2);
INSERT INTO django_admin_log VALUES(365,'2020-10-21 07:42:45.686816','19','مبل راحتی 7 نفره چشمه نور کد MA201-N-GR','[{"changed": {"fields": ["category_happ"]}}]',20,1,2);
INSERT INTO django_admin_log VALUES(366,'2020-10-21 07:42:51.760804','21','مبل راحتی 8 نفره مدل وارنا کد 3','[{"changed": {"fields": ["category_happ"]}}]',20,1,2);
INSERT INTO django_admin_log VALUES(367,'2020-10-21 08:57:29.562240','88','دوچرخه برقی مدل BEINAIQI سایز 26','[{"added": {}}, {"added": {"name": "image", "object": "Image object (270)"}}, {"added": {"name": "image", "object": "Image object (271)"}}, {"added": {"name": "image", "object": "Image object (272)"}}, {"added": {"name": "image", "object": "Image object (273)"}}, {"added": {"name": "image", "object": "Image object (274)"}}]',10,1,1);
INSERT INTO django_admin_log VALUES(368,'2020-10-21 08:58:44.709472','5','دوچرخه برقی مدل BEINAIQI سایز 26','[{"added": {}}, {"added": {"name": "bicycle", "object": "Bicycle object (1)"}}]',16,1,1);
INSERT INTO django_admin_log VALUES(369,'2020-10-21 08:59:50.862812','89','دوچرخه کوهستان کاپیتان مدل FAST سایز 26','[{"added": {}}, {"added": {"name": "image", "object": "Image object (275)"}}, {"added": {"name": "image", "object": "Image object (276)"}}]',10,1,1);
INSERT INTO django_admin_log VALUES(370,'2020-10-21 09:00:05.146699','6','دوچرخه کوهستان کاپیتان مدل FAST سایز 26','[{"added": {}}, {"added": {"name": "bicycle", "object": "Bicycle object (2)"}}]',16,1,1);
INSERT INTO django_admin_log VALUES(371,'2020-10-21 09:01:42.582405','90','دوچرخه کوهستان مریدا مدل ONE-TWENTY 500 D سایز 26','[{"added": {}}, {"added": {"name": "image", "object": "Image object (277)"}}, {"added": {"name": "image", "object": "Image object (278)"}}, {"added": {"name": "image", "object": "Image object (279)"}}]',10,1,1);
INSERT INTO django_admin_log VALUES(372,'2020-10-21 09:02:13.276902','7','دوچرخه کوهستان مریدا مدل ONE-TWENTY 500 D سایز 26','[{"added": {}}, {"added": {"name": "bicycle", "object": "Bicycle object (3)"}}]',16,1,1);
INSERT INTO django_admin_log VALUES(373,'2020-10-21 09:04:58.672146','91','دوچرخه کوهستان کراس مدل OMEGA سایز 26','[{"added": {}}, {"added": {"name": "image", "object": "Image object (280)"}}, {"added": {"name": "image", "object": "Image object (281)"}}, {"added": {"name": "image", "object": "Image object (282)"}}]',10,1,1);
INSERT INTO django_admin_log VALUES(374,'2020-10-21 09:05:17.825475','8','دوچرخه کوهستان کراس مدل OMEGA سایز 26','[{"added": {}}, {"added": {"name": "bicycle", "object": "Bicycle object (4)"}}]',16,1,1);
INSERT INTO django_admin_log VALUES(375,'2020-10-21 09:06:24.110859','92','دوچرخه کوهستان راپیدو مدل R6 سایز 26','[{"added": {}}, {"added": {"name": "image", "object": "Image object (283)"}}, {"added": {"name": "image", "object": "Image object (284)"}}]',10,1,1);
INSERT INTO django_admin_log VALUES(376,'2020-10-21 09:06:38.293763','9','دوچرخه کوهستان راپیدو مدل R6 سایز 26','[{"added": {}}, {"added": {"name": "bicycle", "object": "Bicycle object (5)"}}]',16,1,1);
INSERT INTO django_admin_log VALUES(377,'2020-10-21 09:15:48.741450','93','تردمیل پروفرم مدل ENDURANCE M8I','[{"added": {}}, {"added": {"name": "image", "object": "Image object (285)"}}, {"added": {"name": "image", "object": "Image object (286)"}}, {"added": {"name": "image", "object": "Image object (287)"}}]',10,1,1);
INSERT INTO django_admin_log VALUES(378,'2020-10-21 09:16:22.487315','10','تردمیل پروفرم مدل ENDURANCE M8I','[{"added": {}}, {"added": {"name": "treadmill", "object": "Treadmill object (1)"}}]',16,1,1);
INSERT INTO django_admin_log VALUES(379,'2020-10-21 09:18:08.348824','94','تردمیل فیت فلکس مدل T5000-TFT','[{"added": {}}, {"added": {"name": "image", "object": "Image object (288)"}}, {"added": {"name": "image", "object": "Image object (289)"}}, {"added": {"name": "image", "object": "Image object (290)"}}]',10,1,1);
INSERT INTO django_admin_log VALUES(380,'2020-10-21 09:18:35.169819','11','تردمیل فیت فلکس مدل T5000-TFT','[{"added": {}}, {"added": {"name": "treadmill", "object": "Treadmill object (2)"}}]',16,1,1);
INSERT INTO django_admin_log VALUES(381,'2020-10-21 09:19:12.379452','95','تردمیل آذیموس مدل AZ-3050-CA','[{"added": {}}, {"added": {"name": "image", "object": "Image object (291)"}}]',10,1,1);
INSERT INTO django_admin_log VALUES(382,'2020-10-21 09:20:05.130284','95','تردمیل آذیموس مدل AZ-3050-CA','[{"added": {"name": "image", "object": "Image object (292)"}}, {"added": {"name": "image", "object": "Image object (293)"}}, {"changed": {"name": "image", "object": "Image object (291)", "fields": ["img_src"]}}]',10,1,2);
INSERT INTO django_admin_log VALUES(383,'2020-10-21 09:20:29.976976','12','تردمیل آذیموس مدل AZ-3050-CA','[{"added": {}}, {"added": {"name": "treadmill", "object": "Treadmill object (3)"}}]',16,1,1);
INSERT INTO django_admin_log VALUES(384,'2020-10-21 09:21:33.613195','96','تردمیل فیت فلکس مدل T5000-C','[{"added": {}}, {"added": {"name": "image", "object": "Image object (294)"}}, {"added": {"name": "image", "object": "Image object (295)"}}]',10,1,1);
INSERT INTO django_admin_log VALUES(385,'2020-10-21 09:21:55.897233','13','تردمیل فیت فلکس مدل T5000-C','[{"added": {}}, {"added": {"name": "treadmill", "object": "Treadmill object (4)"}}]',16,1,1);
INSERT INTO django_admin_log VALUES(386,'2020-10-21 09:23:06.371366','97','تردمیل نردیک ترک مدل T11.5','[{"added": {}}, {"added": {"name": "image", "object": "Image object (296)"}}, {"added": {"name": "image", "object": "Image object (297)"}}]',10,1,1);
INSERT INTO django_admin_log VALUES(387,'2020-10-21 09:23:32.652124','14','تردمیل نردیک ترک مدل T11.5','[{"added": {}}, {"added": {"name": "treadmill", "object": "Treadmill object (5)"}}]',16,1,1);
INSERT INTO django_admin_log VALUES(388,'2020-10-21 09:32:14.365737','98','توپ فوتبال آدیداس مدل champions league','[{"added": {}}, {"added": {"name": "image", "object": "Image object (298)"}}, {"added": {"name": "image", "object": "Image object (299)"}}]',10,1,1);
INSERT INTO django_admin_log VALUES(389,'2020-10-21 09:32:38.275357','15','توپ فوتبال آدیداس مدل champions league','[{"added": {}}, {"added": {"name": "ball", "object": "Ball object (5)"}}]',16,1,1);
INSERT INTO django_admin_log VALUES(390,'2020-10-21 09:33:53.367711','99','توپ بسکتبال مولتن مدل GL7X','[{"added": {}}, {"added": {"name": "image", "object": "Image object (300)"}}, {"added": {"name": "image", "object": "Image object (301)"}}]',10,1,1);
INSERT INTO django_admin_log VALUES(391,'2020-10-21 09:34:18.318253','16','توپ بسکتبال مولتن مدل GL7X','[{"added": {}}, {"added": {"name": "ball", "object": "Ball object (6)"}}]',16,1,1);
INSERT INTO django_admin_log VALUES(392,'2020-10-21 09:35:36.165983','100','توپ بسکتبال بتا مدل PR7 سایز 7','[{"added": {}}, {"added": {"name": "image", "object": "Image object (302)"}}, {"added": {"name": "image", "object": "Image object (303)"}}, {"added": {"name": "image", "object": "Image object (304)"}}]',10,1,1);
INSERT INTO django_admin_log VALUES(393,'2020-10-21 09:35:51.813168','17','توپ بسکتبال بتا مدل PR7 سایز 7','[{"added": {}}, {"added": {"name": "ball", "object": "Ball object (7)"}}]',16,1,1);
INSERT INTO django_admin_log VALUES(394,'2020-10-21 09:43:43.605415','11','تردمیل فیت فلکس مدل T5000-TFT','[{"changed": {"fields": ["category_sport"]}}]',16,1,2);
INSERT INTO django_admin_log VALUES(395,'2020-10-21 10:17:01.317777','101','دفتر مشق 100 برگ کد M1','[{"added": {}}, {"added": {"name": "image", "object": "Image object (305)"}}, {"added": {"name": "image", "object": "Image object (306)"}}]',10,1,1);
INSERT INTO django_admin_log VALUES(396,'2020-10-21 10:17:17.907144','2','دفتر مشق 100 برگ کد M1','[{"added": {}}, {"added": {"name": "note book", "object": "NoteBook object (1)"}}]',13,1,1);
INSERT INTO django_admin_log VALUES(397,'2020-10-21 10:18:19.011757','102','دفتر مشق 50 برگ مدل BS 209','[{"added": {}}, {"added": {"name": "image", "object": "Image object (307)"}}, {"added": {"name": "image", "object": "Image object (308)"}}]',10,1,1);
INSERT INTO django_admin_log VALUES(398,'2020-10-21 10:18:31.087724','3','دفتر مشق 50 برگ مدل BS 209','[{"added": {}}, {"added": {"name": "note book", "object": "NoteBook object (2)"}}]',13,1,1);
INSERT INTO django_admin_log VALUES(399,'2020-10-21 10:19:59.387966','103','دفتر برنامه ریزی سیب مدل my planner','[{"added": {}}, {"added": {"name": "image", "object": "Image object (309)"}}, {"added": {"name": "image", "object": "Image object (310)"}}, {"added": {"name": "image", "object": "Image object (311)"}}, {"added": {"name": "image", "object": "Image object (312)"}}]',10,1,1);
INSERT INTO django_admin_log VALUES(400,'2020-10-21 10:20:09.720169','4','دفتر برنامه ریزی سیب مدل my planner','[{"added": {}}, {"added": {"name": "note book", "object": "NoteBook object (3)"}}]',13,1,1);
INSERT INTO django_admin_log VALUES(401,'2020-10-21 10:21:54.924922','104','دفتر مشق 100 برگ بوفی مدل A-100','[{"added": {}}, {"added": {"name": "image", "object": "Image object (313)"}}, {"added": {"name": "image", "object": "Image object (314)"}}, {"added": {"name": "image", "object": "Image object (315)"}}]',10,1,1);
INSERT INTO django_admin_log VALUES(402,'2020-10-21 10:22:14.201530','5','دفتر مشق 100 برگ بوفی مدل A-100','[{"added": {}}, {"added": {"name": "note book", "object": "NoteBook object (4)"}}]',13,1,1);
INSERT INTO django_admin_log VALUES(403,'2020-10-21 10:23:17.014923','105','دفتر کلاسوری 200 برگ پاپکو مدل NB-608R','[{"added": {}}, {"added": {"name": "image", "object": "Image object (316)"}}, {"added": {"name": "image", "object": "Image object (317)"}}, {"added": {"name": "image", "object": "Image object (318)"}}]',10,1,1);
INSERT INTO django_admin_log VALUES(404,'2020-10-21 10:23:29.717303','6','دفتر کلاسوری 200 برگ پاپکو مدل NB-608R','[{"added": {}}, {"added": {"name": "note book", "object": "NoteBook object (5)"}}]',13,1,1);
INSERT INTO django_admin_log VALUES(405,'2020-10-21 10:24:42.412072','1','خودکار پنتر مدل Semi Gel بسته 2 عددی','[{"changed": {"fields": ["category_st"]}}]',13,1,2);
INSERT INTO django_admin_log VALUES(406,'2020-10-21 10:29:33.120357','21','خودکار پنتر مدل Semi Gel بسته 2 عددی','[{"added": {"name": "image", "object": "Image object (319)"}}]',10,1,2);
INSERT INTO django_admin_log VALUES(407,'2020-10-21 10:29:35.506702','1','خودکار پنتر مدل Semi Gel بسته 2 عددی','[]',13,1,2);
INSERT INTO django_admin_log VALUES(408,'2020-10-21 10:34:45.137783','106','خودکار کیان مدل B2 بسته 2 عددی','[{"added": {}}, {"added": {"name": "image", "object": "Image object (320)"}}, {"added": {"name": "image", "object": "Image object (321)"}}]',10,1,1);
INSERT INTO django_admin_log VALUES(409,'2020-10-21 10:35:08.695994','7','خودکار کیان مدل B2 بسته 2 عددی','[{"added": {}}]',13,1,1);
INSERT INTO django_admin_log VALUES(410,'2020-10-21 10:37:12.790345','107','خودکار بیک مدل Cristal Medium','[{"added": {}}, {"added": {"name": "image", "object": "Image object (322)"}}, {"added": {"name": "image", "object": "Image object (323)"}}]',10,1,1);
INSERT INTO django_admin_log VALUES(411,'2020-10-21 10:37:24.118471','8','خودکار بیک مدل Cristal Medium','[{"added": {}}]',13,1,1);
INSERT INTO django_admin_log VALUES(412,'2020-10-21 10:38:34.901766','108','خودکار پنسان مدل my tech','[{"added": {}}, {"added": {"name": "image", "object": "Image object (324)"}}, {"added": {"name": "image", "object": "Image object (325)"}}]',10,1,1);
INSERT INTO django_admin_log VALUES(413,'2020-10-21 10:38:44.026829','9','خودکار پنسان مدل my tech','[{"added": {}}]',13,1,1);
INSERT INTO django_admin_log VALUES(414,'2020-10-21 10:40:12.096379','109','خودکار پنتر مدل ep_101','[{"added": {}}, {"added": {"name": "image", "object": "Image object (326)"}}, {"added": {"name": "image", "object": "Image object (327)"}}]',10,1,1);
INSERT INTO django_admin_log VALUES(415,'2020-10-21 10:40:20.147967','10','خودکار پنتر مدل ep_101','[{"added": {}}]',13,1,1);
INSERT INTO django_admin_log VALUES(416,'2020-10-21 11:37:29.436314','110','مداد رنگی 12 رنگ آسیا مدل A-20','[{"added": {}}, {"added": {"name": "image", "object": "Image object (328)"}}, {"added": {"name": "image", "object": "Image object (329)"}}, {"added": {"name": "image", "object": "Image object (330)"}}]',10,1,1);
INSERT INTO django_admin_log VALUES(417,'2020-10-21 11:37:49.042771','11','مداد رنگی 12 رنگ آسیا مدل A-20','[{"added": {}}, {"added": {"name": "crayons", "object": "Crayons object (1)"}}]',13,1,1);
INSERT INTO django_admin_log VALUES(418,'2020-10-21 11:39:41.226604','111','مداد رنگی 24 رنگ فابر-کاستل مدل Classic','[{"added": {}}, {"added": {"name": "image", "object": "Image object (331)"}}, {"added": {"name": "image", "object": "Image object (332)"}}]',10,1,1);
INSERT INTO django_admin_log VALUES(419,'2020-10-21 11:39:49.943225','12','مداد رنگی 24 رنگ فابر-کاستل مدل Classic','[{"added": {}}, {"added": {"name": "crayons", "object": "Crayons object (2)"}}]',13,1,1);
INSERT INTO django_admin_log VALUES(420,'2020-10-21 11:40:58.554570','112','مداد رنگی 24 رنگ آریا مدل 3017','[{"added": {}}, {"added": {"name": "image", "object": "Image object (333)"}}, {"added": {"name": "image", "object": "Image object (334)"}}]',10,1,1);
INSERT INTO django_admin_log VALUES(421,'2020-10-21 11:41:10.875997','13','مداد رنگی 24 رنگ آریا مدل 3017','[{"added": {}}, {"added": {"name": "crayons", "object": "Crayons object (3)"}}]',13,1,1);
INSERT INTO django_admin_log VALUES(422,'2020-10-21 11:42:22.984401','113','مداد رنگی 12 رنگ آریا مدل 3016','[{"added": {}}, {"added": {"name": "image", "object": "Image object (335)"}}, {"added": {"name": "image", "object": "Image object (336)"}}]',10,1,1);
INSERT INTO django_admin_log VALUES(423,'2020-10-21 11:42:31.358442','14','مداد رنگی 12 رنگ آریا مدل 3016','[{"added": {}}, {"added": {"name": "crayons", "object": "Crayons object (4)"}}]',13,1,1);
INSERT INTO django_admin_log VALUES(424,'2020-10-21 11:43:53.235811','114','مداد رنگی 60 رنگ نامبروان مدل NEW','[{"added": {}}, {"added": {"name": "image", "object": "Image object (337)"}}, {"added": {"name": "image", "object": "Image object (338)"}}]',10,1,1);
INSERT INTO django_admin_log VALUES(425,'2020-10-21 11:44:01.903361','15','مداد رنگی 60 رنگ نامبروان مدل NEW','[{"added": {}}, {"added": {"name": "crayons", "object": "Crayons object (5)"}}]',13,1,1);
INSERT INTO django_admin_log VALUES(426,'2020-10-21 11:53:26.827726','115','پاک کن ارت کیوب مدل مثلث 2 مجموعه دو عددی','[{"added": {}}, {"added": {"name": "image", "object": "Image object (339)"}}, {"added": {"name": "image", "object": "Image object (340)"}}]',10,1,1);
INSERT INTO django_admin_log VALUES(427,'2020-10-21 11:54:18.953520','16','پاک کن ارت کیوب مدل مثلث 2 مجموعه دو عددی','[{"added": {}}, {"added": {"name": "eraser", "object": "Eraser object (1)"}}]',13,1,1);
INSERT INTO django_admin_log VALUES(428,'2020-10-21 11:55:25.033848','116','پاک کن کنکو مدل YN مجموعه 2 عددی','[{"added": {}}, {"added": {"name": "image", "object": "Image object (341)"}}, {"added": {"name": "image", "object": "Image object (342)"}}]',10,1,1);
INSERT INTO django_admin_log VALUES(429,'2020-10-21 11:56:13.376735','17','پاک کن کنکو مدل YN مجموعه 2 عددی','[{"added": {}}, {"added": {"name": "eraser", "object": "Eraser object (2)"}}]',13,1,1);
INSERT INTO django_admin_log VALUES(430,'2020-10-21 11:57:26.782803','117','پاک کن فکتیس مدل 3036','[{"added": {}}, {"added": {"name": "image", "object": "Image object (343)"}}, {"added": {"name": "image", "object": "Image object (344)"}}]',10,1,1);
INSERT INTO django_admin_log VALUES(431,'2020-10-21 11:57:39.963819','18','پاک کن فکتیس مدل 3036','[{"added": {}}, {"added": {"name": "eraser", "object": "Eraser object (3)"}}]',13,1,1);
INSERT INTO django_admin_log VALUES(432,'2020-10-21 11:59:17.738858','118','پاک کن کنکو مدل E06','[{"added": {}}, {"added": {"name": "image", "object": "Image object (345)"}}, {"added": {"name": "image", "object": "Image object (346)"}}]',10,1,1);
INSERT INTO django_admin_log VALUES(433,'2020-10-21 11:59:34.060482','19','پاک کن کنکو مدل E06','[{"added": {}}, {"added": {"name": "eraser", "object": "Eraser object (4)"}}]',13,1,1);
INSERT INTO django_admin_log VALUES(434,'2020-10-21 12:00:59.655207','119','پاک کن کنکو مدل E04','[{"added": {}}, {"added": {"name": "image", "object": "Image object (347)"}}, {"added": {"name": "image", "object": "Image object (348)"}}]',10,1,1);
INSERT INTO django_admin_log VALUES(435,'2020-10-21 12:01:12.417161','20','پاک کن کنکو مدل E04','[{"added": {}}, {"added": {"name": "eraser", "object": "Eraser object (5)"}}]',13,1,1);
INSERT INTO django_admin_log VALUES(436,'2020-10-23 06:40:35.862293','14','گوشی موبایل سامسونگ مدل Galaxy A31 SM-A315F/DS دو سیم کارت','[{"added": {"name": "color", "object": "Color object (18)"}}]',11,1,2);
INSERT INTO django_admin_log VALUES(437,'2020-10-23 07:09:48.625287','4','لپ تاپ 15 اینچی ایسوس مدل VivoBook X540UA - MR','[{"changed": {"name": "lap top", "object": "LapTop object (4)", "fields": ["color_this"]}}]',11,1,2);
INSERT INTO django_admin_log VALUES(438,'2020-10-23 07:09:56.042100','5','لپ تاپ 14 اینچی هوآوی مدل MateBook X Pro - A','[{"changed": {"name": "lap top", "object": "LapTop object (5)", "fields": ["color_this"]}}]',11,1,2);
INSERT INTO django_admin_log VALUES(439,'2020-10-23 07:11:14.133965','13','گوشی موبایل هوآوی مدل Y8p AQM-LX1 دو سیم کارت','[{"changed": {"name": "mobile", "object": "Mobile object (4)", "fields": ["color_this"]}}]',11,1,2);
INSERT INTO django_admin_log VALUES(440,'2020-10-23 07:13:15.705095','10','گوشی موبایل سامسونگ مدل Galaxy A51 SM-A515F.DSN دو سیم کارت','[]',11,1,2);
INSERT INTO django_admin_log VALUES(441,'2020-10-24 09:39:06.423775','8','پیراهن مردانه کد M02328','[{"changed": {"name": "shirt", "object": "Shirt object (5)", "fields": ["size_this"]}}]',18,1,2);
INSERT INTO django_admin_log VALUES(442,'2020-10-24 09:39:39.214713','8','پیراهن مردانه کد M02328','[{"added": {"name": "size", "object": "Size object (12)"}}]',18,1,2);
INSERT INTO django_admin_log VALUES(443,'2020-10-24 09:40:13.408654','8','پیراهن مردانه کد M02328','[{"changed": {"fields": ["size_this"]}}, {"changed": {"name": "shirt", "object": "Shirt object (5)", "fields": ["size_this"]}}]',18,1,2);
INSERT INTO django_admin_log VALUES(444,'2020-10-24 09:46:31.220046','12','تیشرت مردانه کد 347005314','[{"added": {"name": "size", "object": "Size object (13)"}}, {"changed": {"name": "tshirt", "object": "Tshirt object (2)", "fields": ["size_this"]}}]',18,1,2);
INSERT INTO django_admin_log VALUES(445,'2020-10-24 09:47:00.644083','15','تی شرت مردانه آر ان اس مدل 1131131-70','[{"added": {"name": "size", "object": "Size object (14)"}}, {"changed": {"name": "tshirt", "object": "Tshirt object (5)", "fields": ["size_this"]}}]',18,1,2);
INSERT INTO django_admin_log VALUES(446,'2020-10-24 10:09:03.332291','78','ماشین لباسشویی بوش مدل WAW3256XGC ظرفیت 9 کیلوگرم','[{"deleted": {"name": "image", "object": "Image object (None)"}}]',10,1,2);
INSERT INTO django_admin_log VALUES(447,'2020-10-24 10:09:05.415403','12','ماشین لباسشویی بوش مدل WAW3256XGC ظرفیت 9 کیلوگرم','[]',20,1,2);
INSERT INTO django_admin_log VALUES(448,'2020-10-24 14:21:53.951688','2','Comment object (2)','',9,1,3);
INSERT INTO django_admin_log VALUES(449,'2020-10-24 14:50:25.393393','6','Comment object (6)','',9,1,3);
INSERT INTO django_admin_log VALUES(450,'2020-10-24 14:50:28.790111','3','Comment object (3)','',9,1,3);
INSERT INTO django_admin_log VALUES(451,'2020-10-24 14:50:31.902135','4','Comment object (4)','',9,1,3);
INSERT INTO django_admin_log VALUES(452,'2020-10-24 14:50:35.357142','5','Comment object (5)','',9,1,3);
INSERT INTO django_admin_log VALUES(453,'2020-10-25 19:00:39.720324','65','شلوار زنانه کد CRP90GY','[{"changed": {"name": "image", "object": "Image object (181)", "fields": ["img_src"]}}]',10,1,2);
INSERT INTO django_admin_log VALUES(454,'2020-10-25 19:00:41.923955','32','شلوار زنانه کد CRP90GY','[]',18,1,2);
INSERT INTO django_admin_log VALUES(455,'2020-10-26 09:40:08.548754','120','لپ تاپ 14 اینچی هوآوی مدل MateBook X Pro','[{"added": {}}, {"added": {"name": "image", "object": "Image object (349)"}}, {"added": {"name": "image", "object": "Image object (350)"}}, {"added": {"name": "image", "object": "Image object (351)"}}, {"added": {"name": "image", "object": "Image object (352)"}}, {"added": {"name": "image", "object": "Image object (353)"}}]',10,1,1);
INSERT INTO django_admin_log VALUES(456,'2020-10-26 09:41:59.613899','25','لپ تاپ 14 اینچی هوآوی مدل MateBook X Pro','[{"added": {}}, {"added": {"name": "color", "object": "Color object (19)"}}, {"added": {"name": "lap top", "object": "LapTop object (11)"}}]',11,1,1);
INSERT INTO django_admin_log VALUES(457,'2020-10-26 09:45:05.059267','121','لپ تاپ 15.6 اینچی ایسوس مدل VivoBook X540YA - MMRR','[{"added": {}}, {"added": {"name": "image", "object": "Image object (354)"}}, {"added": {"name": "image", "object": "Image object (355)"}}, {"added": {"name": "image", "object": "Image object (356)"}}]',10,1,1);
INSERT INTO django_admin_log VALUES(458,'2020-10-26 09:47:54.328421','26','لپ تاپ 15.6 اینچی ایسوس مدل VivoBook X540YA - MMRR','[{"added": {}}, {"added": {"name": "color", "object": "Color object (20)"}}, {"added": {"name": "color", "object": "Color object (21)"}}, {"added": {"name": "lap top", "object": "LapTop object (12)"}}]',11,1,1);
INSERT INTO django_admin_log VALUES(459,'2020-10-26 09:50:09.002734','122','لپ تاپ 15 اینچی ایسوس مدل VivoBook X543MA - NP','[{"added": {}}, {"added": {"name": "image", "object": "Image object (357)"}}, {"added": {"name": "image", "object": "Image object (358)"}}, {"added": {"name": "image", "object": "Image object (359)"}}, {"added": {"name": "image", "object": "Image object (360)"}}, {"added": {"name": "image", "object": "Image object (361)"}}]',10,1,1);
INSERT INTO django_admin_log VALUES(460,'2020-10-26 09:51:11.644438','27','لپ تاپ 15 اینچی ایسوس مدل VivoBook X543MA - NP','[{"added": {}}, {"added": {"name": "color", "object": "Color object (22)"}}, {"added": {"name": "lap top", "object": "LapTop object (13)"}}]',11,1,1);
INSERT INTO django_admin_log VALUES(461,'2020-10-26 10:12:33.359089','123','لپ تاپ 13 اینچی اپل مدل MacBook Pro MXK32 2020 همراه با تاچ بار','[{"added": {}}, {"added": {"name": "image", "object": "Image object (362)"}}, {"added": {"name": "image", "object": "Image object (363)"}}, {"added": {"name": "image", "object": "Image object (364)"}}, {"added": {"name": "image", "object": "Image object (365)"}}, {"added": {"name": "image", "object": "Image object (366)"}}]',10,1,1);
INSERT INTO django_admin_log VALUES(462,'2020-10-26 10:13:25.527352','28','لپ تاپ 13 اینچی اپل مدل MacBook Pro MXK32 2020 همراه با تاچ بار','[{"added": {}}, {"added": {"name": "color", "object": "Color object (23)"}}, {"added": {"name": "lap top", "object": "LapTop object (14)"}}]',11,1,1);
INSERT INTO django_admin_log VALUES(463,'2020-10-26 10:15:56.472065','124','لپ تاپ 16 اینچی اپل مدل MacBook Pro MVVL2 2019 همراه با تاچ بار','[{"added": {}}, {"added": {"name": "image", "object": "Image object (367)"}}, {"added": {"name": "image", "object": "Image object (368)"}}, {"added": {"name": "image", "object": "Image object (369)"}}, {"added": {"name": "image", "object": "Image object (370)"}}, {"added": {"name": "image", "object": "Image object (371)"}}]',10,1,1);
INSERT INTO django_admin_log VALUES(464,'2020-10-26 10:16:54.718421','29','لپ تاپ 16 اینچی اپل مدل MacBook Pro MVVL2 2019 همراه با تاچ بار','[{"added": {}}, {"added": {"name": "color", "object": "Color object (24)"}}, {"added": {"name": "lap top", "object": "LapTop object (15)"}}]',11,1,1);
INSERT INTO django_admin_log VALUES(465,'2020-10-26 10:20:58.184939','125','لپ تاپ 15 اینچی ایسوس مدل ZenBook FLip UX563FD-A','[{"added": {}}, {"added": {"name": "image", "object": "Image object (372)"}}, {"added": {"name": "image", "object": "Image object (373)"}}, {"added": {"name": "image", "object": "Image object (374)"}}, {"added": {"name": "image", "object": "Image object (375)"}}]',10,1,1);
INSERT INTO django_admin_log VALUES(466,'2020-10-26 10:21:52.395277','30','لپ تاپ 15 اینچی ایسوس مدل ZenBook FLip UX563FD-A','[{"added": {}}, {"added": {"name": "color", "object": "Color object (25)"}}, {"added": {"name": "lap top", "object": "LapTop object (16)"}}]',11,1,1);
INSERT INTO django_admin_log VALUES(467,'2020-10-26 10:24:10.372533','126','لپتاپ 15 اینچی ایسوس مدل TUF FX505DT - A','[{"added": {}}, {"added": {"name": "image", "object": "Image object (376)"}}, {"added": {"name": "image", "object": "Image object (377)"}}, {"added": {"name": "image", "object": "Image object (378)"}}, {"added": {"name": "image", "object": "Image object (379)"}}]',10,1,1);
INSERT INTO django_admin_log VALUES(468,'2020-10-26 10:25:21.530230','31','لپتاپ 15 اینچی ایسوس مدل TUF FX505DT - A','[{"added": {}}, {"added": {"name": "color", "object": "Color object (26)"}}, {"added": {"name": "lap top", "object": "LapTop object (17)"}}]',11,1,1);
INSERT INTO django_admin_log VALUES(469,'2020-10-26 10:27:37.056167','127','لپ تاپ 15.6 اینچی ایسوس مدل VivoBook S533JQ - A','[{"added": {}}, {"added": {"name": "image", "object": "Image object (380)"}}, {"added": {"name": "image", "object": "Image object (381)"}}, {"added": {"name": "image", "object": "Image object (382)"}}, {"added": {"name": "image", "object": "Image object (383)"}}]',10,1,1);
INSERT INTO django_admin_log VALUES(470,'2020-10-26 10:29:11.266900','32','لپ تاپ 15.6 اینچی ایسوس مدل VivoBook S533JQ - A','[{"added": {}}, {"added": {"name": "color", "object": "Color object (27)"}}, {"added": {"name": "color", "object": "Color object (28)"}}, {"added": {"name": "lap top", "object": "LapTop object (18)"}}]',11,1,1);
INSERT INTO django_admin_log VALUES(471,'2020-10-26 10:33:06.097437','128','لپ تاپ 13 اینچی هوآوی مدل MateBook 13 2020 - B','[{"added": {}}, {"added": {"name": "image", "object": "Image object (384)"}}, {"added": {"name": "image", "object": "Image object (385)"}}, {"added": {"name": "image", "object": "Image object (386)"}}, {"added": {"name": "image", "object": "Image object (387)"}}]',10,1,1);
INSERT INTO django_admin_log VALUES(472,'2020-10-26 10:34:34.605298','33','لپ تاپ 13 اینچی هوآوی مدل MateBook 13 2020 - B','[{"added": {}}, {"added": {"name": "color", "object": "Color object (29)"}}, {"added": {"name": "lap top", "object": "LapTop object (19)"}}]',11,1,1);
INSERT INTO django_admin_log VALUES(473,'2021-03-11 09:31:04.159831','1','Discount_code object (1)','[{"changed": {"fields": ["code"]}}]',46,1,2);
INSERT INTO django_admin_log VALUES(474,'2021-03-11 09:34:16.691936','1','Discount_code object (1)','[]',46,1,2);
INSERT INTO django_admin_log VALUES(475,'2021-03-11 09:34:35.290949','1','Discount_code object (1)','[{"changed": {"fields": ["code"]}}]',46,1,2);
INSERT INTO django_admin_log VALUES(476,'2021-03-11 09:34:50.715831','1','Discount_code object (1)','[{"changed": {"fields": ["code"]}}]',46,1,2);
INSERT INTO django_admin_log VALUES(477,'2021-03-14 06:14:34.759780','29','لپ تاپ 16 اینچی اپل مدل MacBook Pro MVVL2 2019 همراه با تاچ بار','[]',11,1,2);
INSERT INTO django_admin_log VALUES(478,'2021-03-14 06:18:30.732669','124','لپ تاپ 16 اینچی اپل مدل MacBook Pro MVVL2 2019 همراه با تاچ بار','[]',10,1,2);
INSERT INTO django_admin_log VALUES(479,'2021-03-14 06:18:34.704998','29','لپ تاپ 16 اینچی اپل مدل MacBook Pro MVVL2 2019 همراه با تاچ بار','[]',11,1,2);
INSERT INTO django_admin_log VALUES(480,'2021-03-14 07:53:46.522636','64','شلوار زنانه مون مدل 163111699','[{"changed": {"fields": ["price", "discount"]}}]',10,1,2);
INSERT INTO django_admin_log VALUES(481,'2021-03-14 07:56:43.362004','67','شلوار زنانه مدل TR.CRM.BND1','[{"changed": {"fields": ["price", "real_price", "discount"]}}]',10,1,2);
INSERT INTO django_admin_log VALUES(482,'2021-03-14 07:56:45.650528','34','شلوار زنانه مدل TR.CRM.BND1','[]',18,1,2);
INSERT INTO django_admin_log VALUES(483,'2021-03-16 06:35:40.384400','9','پیراهن مردانه کد s20','[{"added": {"name": "shirt", "object": "Shirt object (6)"}}]',18,1,2);
INSERT INTO django_admin_log VALUES(484,'2021-04-10 09:38:07.988726','100','توپ بسکتبال بتا مدل PR7 سایز 7','[{"changed": {"name": "image", "object": "Image object (302)", "fields": ["img_src"]}}, {"changed": {"name": "image", "object": "Image object (303)", "fields": ["img_src"]}}, {"changed": {"name": "image", "object": "Image object (304)", "fields": ["img_src"]}}]',10,1,2);
INSERT INTO django_admin_log VALUES(485,'2021-04-10 09:38:16.417638','17','توپ بسکتبال بتا مدل PR7 سایز 7','[]',16,1,2);
INSERT INTO django_admin_log VALUES(486,'2021-04-10 09:39:29.440833','99','توپ بسکتبال مولتن مدل GL7X','[{"changed": {"name": "image", "object": "Image object (300)", "fields": ["img_src"]}}, {"changed": {"name": "image", "object": "Image object (301)", "fields": ["img_src"]}}]',10,1,2);
INSERT INTO django_admin_log VALUES(487,'2021-04-10 09:39:31.240098','16','توپ بسکتبال مولتن مدل GL7X','[]',16,1,2);
INSERT INTO django_admin_log VALUES(488,'2021-04-10 09:40:41.830036','98','توپ فوتبال آدیداس مدل champions league','[{"changed": {"name": "image", "object": "Image object (298)", "fields": ["img_src"]}}, {"changed": {"name": "image", "object": "Image object (299)", "fields": ["img_src"]}}]',10,1,2);
INSERT INTO django_admin_log VALUES(489,'2021-04-10 09:40:45.123017','15','توپ فوتبال آدیداس مدل champions league','[]',16,1,2);
INSERT INTO django_admin_log VALUES(490,'2021-04-10 09:43:25.131644','88','دوچرخه برقی مدل BEINAIQI سایز 26','[{"changed": {"name": "image", "object": "Image object (270)", "fields": ["img_src"]}}, {"changed": {"name": "image", "object": "Image object (271)", "fields": ["img_src"]}}, {"changed": {"name": "image", "object": "Image object (272)", "fields": ["img_src"]}}, {"changed": {"name": "image", "object": "Image object (273)", "fields": ["img_src"]}}, {"changed": {"name": "image", "object": "Image object (274)", "fields": ["img_src"]}}]',10,1,2);
INSERT INTO django_admin_log VALUES(491,'2021-04-10 09:43:59.923891','5','دوچرخه برقی مدل BEINAIQI سایز 26','[]',16,1,2);
INSERT INTO django_admin_log VALUES(492,'2021-04-10 09:46:11.258039','92','دوچرخه کوهستان راپیدو مدل R6 سایز 26','[{"changed": {"name": "image", "object": "Image object (283)", "fields": ["img_src"]}}, {"changed": {"name": "image", "object": "Image object (284)", "fields": ["img_src"]}}]',10,1,2);
INSERT INTO django_admin_log VALUES(493,'2021-04-10 09:46:14.956999','9','دوچرخه کوهستان راپیدو مدل R6 سایز 26','[]',16,1,2);
INSERT INTO django_admin_log VALUES(494,'2021-04-10 09:48:19.220643','89','دوچرخه کوهستان کاپیتان مدل FAST سایز 26','[{"changed": {"name": "image", "object": "Image object (275)", "fields": ["img_src"]}}, {"changed": {"name": "image", "object": "Image object (276)", "fields": ["img_src"]}}]',10,1,2);
INSERT INTO django_admin_log VALUES(495,'2021-04-10 09:48:24.800157','6','دوچرخه کوهستان کاپیتان مدل FAST سایز 26','[]',16,1,2);
INSERT INTO django_admin_log VALUES(496,'2021-04-10 09:49:46.955302','91','دوچرخه کوهستان کراس مدل OMEGA سایز 26','[{"changed": {"name": "image", "object": "Image object (280)", "fields": ["img_src"]}}, {"changed": {"name": "image", "object": "Image object (281)", "fields": ["img_src"]}}, {"changed": {"name": "image", "object": "Image object (282)", "fields": ["img_src"]}}]',10,1,2);
INSERT INTO django_admin_log VALUES(497,'2021-04-10 09:49:50.573915','8','دوچرخه کوهستان کراس مدل OMEGA سایز 26','[]',16,1,2);
INSERT INTO django_admin_log VALUES(498,'2021-04-10 09:51:04.986133','90','دوچرخه کوهستان مریدا مدل ONE-TWENTY 500 D سایز 26','[{"changed": {"name": "image", "object": "Image object (277)", "fields": ["img_src"]}}, {"changed": {"name": "image", "object": "Image object (278)", "fields": ["img_src"]}}, {"changed": {"name": "image", "object": "Image object (279)", "fields": ["img_src"]}}]',10,1,2);
INSERT INTO django_admin_log VALUES(499,'2021-04-10 09:51:08.064437','7','دوچرخه کوهستان مریدا مدل ONE-TWENTY 500 D سایز 26','[]',16,1,2);
INSERT INTO django_admin_log VALUES(500,'2021-04-10 09:53:02.787490','59','بادی زنانه هالیدی مدل 807068-black','[{"changed": {"name": "image", "object": "Image object (158)", "fields": ["img_src"]}}, {"changed": {"name": "image", "object": "Image object (159)", "fields": ["img_src"]}}, {"changed": {"name": "image", "object": "Image object (160)", "fields": ["img_src"]}}, {"changed": {"name": "image", "object": "Image object (161)", "fields": ["img_src"]}}]',10,1,2);
INSERT INTO django_admin_log VALUES(501,'2021-04-10 09:53:07.661510','26','بادی زنانه هالیدی مدل 807068-black','[]',18,1,2);
INSERT INTO django_admin_log VALUES(502,'2021-04-10 09:57:57.504886','63','بلوز زنانه کد 207G.03BK','[{"changed": {"name": "image", "object": "Image object (173)", "fields": ["img_src"]}}, {"changed": {"name": "image", "object": "Image object (174)", "fields": ["img_src"]}}, {"changed": {"name": "image", "object": "Image object (175)", "fields": ["img_src"]}}]',10,1,2);
INSERT INTO django_admin_log VALUES(503,'2021-04-10 09:58:02.379190','30','بلوز زنانه کد 207G.03BK','[]',18,1,2);
INSERT INTO django_admin_log VALUES(504,'2021-04-10 09:58:38.413224','63','بلوز زنانه کد 207G.03BK','[{"changed": {"name": "image", "object": "Image object (174)", "fields": ["img_src"]}}]',10,1,2);
INSERT INTO django_admin_log VALUES(505,'2021-04-10 09:58:41.001221','30','بلوز زنانه کد 207G.03BK','[]',18,1,2);
INSERT INTO django_admin_log VALUES(506,'2021-04-10 09:59:52.172946','60','بلوز زنانه کد 207G.05Y','[{"changed": {"name": "image", "object": "Image object (162)", "fields": ["img_src"]}}, {"changed": {"name": "image", "object": "Image object (163)", "fields": ["img_src"]}}, {"changed": {"name": "image", "object": "Image object (164)", "fields": ["img_src"]}}]',10,1,2);
INSERT INTO django_admin_log VALUES(507,'2021-04-10 09:59:56.282818','27','بلوز زنانه کد 207G.05Y','[]',18,1,2);
INSERT INTO django_admin_log VALUES(508,'2021-04-10 10:01:54.046405','61','بلوز زنانه کد 216TRH.CR','[{"changed": {"name": "image", "object": "Image object (165)", "fields": ["img_src"]}}, {"changed": {"name": "image", "object": "Image object (166)", "fields": ["img_src"]}}, {"changed": {"name": "image", "object": "Image object (167)", "fields": ["img_src"]}}, {"changed": {"name": "image", "object": "Image object (168)", "fields": ["img_src"]}}]',10,1,2);
INSERT INTO django_admin_log VALUES(509,'2021-04-10 10:02:01.009305','28','بلوز زنانه کد 216TRH.CR','[]',18,1,2);
INSERT INTO django_admin_log VALUES(510,'2021-04-10 10:03:26.880538','62','بلوز زنانه کد 217DB.C','[{"changed": {"name": "image", "object": "Image object (169)", "fields": ["img_src"]}}, {"changed": {"name": "image", "object": "Image object (170)", "fields": ["img_src"]}}, {"changed": {"name": "image", "object": "Image object (171)", "fields": ["img_src"]}}, {"changed": {"name": "image", "object": "Image object (172)", "fields": ["img_src"]}}]',10,1,2);
INSERT INTO django_admin_log VALUES(511,'2021-04-10 10:03:31.921093','29','بلوز زنانه کد 217DB.C','[]',18,1,2);
INSERT INTO django_admin_log VALUES(512,'2021-04-10 10:18:10.179492','36','شارژر دیواری سامسونگ مدل EP-TA300 به همراه کابل تبدیل USB-C','[{"changed": {"name": "image", "object": "Image object (85)", "fields": ["img_src"]}}, {"changed": {"name": "image", "object": "Image object (86)", "fields": ["img_src"]}}, {"changed": {"name": "image", "object": "Image object (87)", "fields": ["img_src"]}}]',10,1,2);
INSERT INTO django_admin_log VALUES(513,'2021-04-10 10:18:13.396186','20','شارژر دیواری سامسونگ مدل EP-TA300 به همراه کابل تبدیل USB-C','[]',11,1,2);
INSERT INTO django_admin_log VALUES(514,'2021-04-10 10:20:18.465202','38','شارژر دیواری سونی مدل EP880 به همراه کابل تبدیل microUSB','[{"changed": {"name": "image", "object": "Image object (91)", "fields": ["img_src"]}}, {"changed": {"name": "image", "object": "Image object (92)", "fields": ["img_src"]}}, {"changed": {"name": "image", "object": "Image object (93)", "fields": ["img_src"]}}, {"changed": {"name": "image", "object": "Image object (94)", "fields": ["img_src"]}}]',10,1,2);
INSERT INTO django_admin_log VALUES(515,'2021-04-10 10:20:21.046636','22','شارژر دیواری سونی مدل EP880 به همراه کابل تبدیل microUSB','[]',11,1,2);
INSERT INTO django_admin_log VALUES(516,'2021-04-10 10:21:56.174581','39','شارژر دیواری شیائومی مدل MDY-10-EF به همراه کابل تبدیل USB-C','[{"changed": {"name": "image", "object": "Image object (95)", "fields": ["img_src"]}}, {"changed": {"name": "image", "object": "Image object (96)", "fields": ["img_src"]}}, {"changed": {"name": "image", "object": "Image object (97)", "fields": ["img_src"]}}]',10,1,2);
INSERT INTO django_admin_log VALUES(517,'2021-04-10 10:22:00.845518','23','شارژر دیواری شیائومی مدل MDY-10-EF به همراه کابل تبدیل USB-C','[]',11,1,2);
INSERT INTO django_admin_log VALUES(518,'2021-04-10 10:23:52.440426','37','شارژر دیواری مدل EP-TA20EWE به همراه کابل تبدیل microUSB','[{"changed": {"name": "image", "object": "Image object (88)", "fields": ["img_src"]}}, {"changed": {"name": "image", "object": "Image object (89)", "fields": ["img_src"]}}, {"changed": {"name": "image", "object": "Image object (90)", "fields": ["img_src"]}}]',10,1,2);
INSERT INTO django_admin_log VALUES(519,'2021-04-10 10:23:57.080441','21','شارژر دیواری مدل EP-TA20EWE به همراه کابل تبدیل microUSB','[]',11,1,2);
INSERT INTO django_admin_log VALUES(520,'2021-04-10 10:26:11.347138','40','شارژر دیواری هوآوی مدل HW-050450E00 به همراه کابل تبدیل USB-C','[{"changed": {"name": "image", "object": "Image object (98)", "fields": ["img_src"]}}, {"changed": {"name": "image", "object": "Image object (99)", "fields": ["img_src"]}}, {"changed": {"name": "image", "object": "Image object (100)", "fields": ["img_src"]}}, {"changed": {"name": "image", "object": "Image object (101)", "fields": ["img_src"]}}, {"changed": {"name": "image", "object": "Image object (102)", "fields": ["img_src"]}}]',10,1,2);
INSERT INTO django_admin_log VALUES(521,'2021-04-10 10:27:36.567582','113','مداد رنگی 12 رنگ آریا مدل 3016','[{"changed": {"name": "image", "object": "Image object (335)", "fields": ["img_src"]}}, {"changed": {"name": "image", "object": "Image object (336)", "fields": ["img_src"]}}]',10,1,2);
INSERT INTO django_admin_log VALUES(522,'2021-04-10 10:27:38.478813','14','مداد رنگی 12 رنگ آریا مدل 3016','[]',13,1,2);
INSERT INTO django_admin_log VALUES(523,'2021-04-10 10:29:08.008561','110','مداد رنگی 12 رنگ آسیا مدل A-20','[{"changed": {"name": "image", "object": "Image object (328)", "fields": ["img_src"]}}, {"changed": {"name": "image", "object": "Image object (329)", "fields": ["img_src"]}}, {"changed": {"name": "image", "object": "Image object (330)", "fields": ["img_src"]}}]',10,1,2);
INSERT INTO django_admin_log VALUES(524,'2021-04-10 10:29:11.193671','11','مداد رنگی 12 رنگ آسیا مدل A-20','[]',13,1,2);
INSERT INTO django_admin_log VALUES(525,'2021-04-10 10:30:15.904174','112','مداد رنگی 24 رنگ آریا مدل 3017','[{"changed": {"name": "image", "object": "Image object (333)", "fields": ["img_src"]}}, {"changed": {"name": "image", "object": "Image object (334)", "fields": ["img_src"]}}]',10,1,2);
INSERT INTO django_admin_log VALUES(526,'2021-04-10 10:30:19.815566','13','مداد رنگی 24 رنگ آریا مدل 3017','[]',13,1,2);
INSERT INTO django_admin_log VALUES(527,'2021-04-10 10:31:21.167891','111','مداد رنگی 24 رنگ فابر-کاستل مدل Classic','[{"changed": {"name": "image", "object": "Image object (331)", "fields": ["img_src"]}}, {"changed": {"name": "image", "object": "Image object (332)", "fields": ["img_src"]}}]',10,1,2);
INSERT INTO django_admin_log VALUES(528,'2021-04-10 10:31:24.942045','12','مداد رنگی 24 رنگ فابر-کاستل مدل Classic','[]',13,1,2);
INSERT INTO django_admin_log VALUES(529,'2021-04-10 10:32:20.643264','114','مداد رنگی 60 رنگ نامبروان مدل NEW','[{"changed": {"name": "image", "object": "Image object (337)", "fields": ["img_src"]}}, {"changed": {"name": "image", "object": "Image object (338)", "fields": ["img_src"]}}]',10,1,2);
INSERT INTO django_admin_log VALUES(530,'2021-04-10 10:32:23.001585','15','مداد رنگی 60 رنگ نامبروان مدل NEW','[]',13,1,2);
INSERT INTO django_admin_log VALUES(531,'2021-04-10 10:36:16.534288','115','پاک کن ارت کیوب مدل مثلث 2 مجموعه دو عددی','[{"changed": {"name": "image", "object": "Image object (339)", "fields": ["img_src"]}}, {"changed": {"name": "image", "object": "Image object (340)", "fields": ["img_src"]}}]',10,1,2);
INSERT INTO django_admin_log VALUES(532,'2021-04-10 10:36:19.876801','16','پاک کن ارت کیوب مدل مثلث 2 مجموعه دو عددی','[]',13,1,2);
INSERT INTO django_admin_log VALUES(533,'2021-04-10 10:37:35.430033','117','پاک کن فکتیس مدل 3036','[{"changed": {"name": "image", "object": "Image object (343)", "fields": ["img_src"]}}, {"changed": {"name": "image", "object": "Image object (344)", "fields": ["img_src"]}}]',10,1,2);
INSERT INTO django_admin_log VALUES(534,'2021-04-10 10:37:38.462099','18','پاک کن فکتیس مدل 3036','[]',13,1,2);
INSERT INTO django_admin_log VALUES(535,'2021-04-10 10:38:33.660272','119','پاک کن کنکو مدل E04','[{"changed": {"name": "image", "object": "Image object (347)", "fields": ["img_src"]}}, {"changed": {"name": "image", "object": "Image object (348)", "fields": ["img_src"]}}]',10,1,2);
INSERT INTO django_admin_log VALUES(536,'2021-04-10 10:38:40.514403','20','پاک کن کنکو مدل E04','[]',13,1,2);
INSERT INTO django_admin_log VALUES(537,'2021-04-10 10:39:31.716653','118','پاک کن کنکو مدل E06','[{"changed": {"name": "image", "object": "Image object (345)", "fields": ["img_src"]}}, {"changed": {"name": "image", "object": "Image object (346)", "fields": ["img_src"]}}]',10,1,2);
INSERT INTO django_admin_log VALUES(538,'2021-04-10 10:39:34.724945','19','پاک کن کنکو مدل E06','[]',13,1,2);
INSERT INTO django_admin_log VALUES(539,'2021-04-10 10:40:38.290261','116','پاک کن کنکو مدل YN مجموعه 2 عددی','[{"changed": {"name": "image", "object": "Image object (341)", "fields": ["img_src"]}}, {"changed": {"name": "image", "object": "Image object (342)", "fields": ["img_src"]}}]',10,1,2);
INSERT INTO django_admin_log VALUES(540,'2021-04-10 10:40:40.152712','17','پاک کن کنکو مدل YN مجموعه 2 عددی','[]',13,1,2);
INSERT INTO django_admin_log VALUES(541,'2021-04-10 10:41:02.076182','116','پاک کن کنکو مدل YN مجموعه 2 عددی','[{"changed": {"name": "image", "object": "Image object (341)", "fields": ["img_src"]}}, {"changed": {"name": "image", "object": "Image object (342)", "fields": ["img_src"]}}]',10,1,2);
INSERT INTO django_admin_log VALUES(542,'2021-04-10 10:41:04.706362','17','پاک کن کنکو مدل YN مجموعه 2 عددی','[]',13,1,2);
INSERT INTO django_admin_log VALUES(543,'2021-04-10 10:44:56.765593','35','هدفون بلوتوث مالاتا مدل A71','[{"changed": {"name": "image", "object": "Image object (81)", "fields": ["img_src"]}}, {"changed": {"name": "image", "object": "Image object (82)", "fields": ["img_src"]}}, {"changed": {"name": "image", "object": "Image object (83)", "fields": ["img_src"]}}, {"changed": {"name": "image", "object": "Image object (84)", "fields": ["img_src"]}}]',10,1,2);
INSERT INTO django_admin_log VALUES(544,'2021-04-10 10:45:00.282709','19','هدفون بلوتوث مالاتا مدل A71','[]',11,1,2);
INSERT INTO django_admin_log VALUES(545,'2021-04-10 10:46:13.360344','32','هدفون بی سیم نیا مدل X3','[{"changed": {"name": "image", "object": "Image object (74)", "fields": ["img_src"]}}, {"changed": {"name": "image", "object": "Image object (75)", "fields": ["img_src"]}}]',10,1,2);
INSERT INTO django_admin_log VALUES(546,'2021-04-10 10:50:34.857644','32','هدفون بی سیم نیا مدل X3','[]',10,1,2);
INSERT INTO django_admin_log VALUES(547,'2021-04-10 10:50:37.708702','16','هدفون بی سیم نیا مدل X3','[]',11,1,2);
INSERT INTO django_admin_log VALUES(548,'2021-04-10 10:51:56.799572','31','هدفون زاکس لانگ مدل G17','[{"changed": {"name": "image", "object": "Image object (71)", "fields": ["img_src"]}}, {"changed": {"name": "image", "object": "Image object (72)", "fields": ["img_src"]}}, {"changed": {"name": "image", "object": "Image object (73)", "fields": ["img_src"]}}]',10,1,2);
INSERT INTO django_admin_log VALUES(549,'2021-04-10 10:52:02.448855','15','هدفون زاکس لانگ مدل G17','[]',11,1,2);
INSERT INTO django_admin_log VALUES(550,'2021-04-10 10:53:07.918125','33','هندزفری مدل GD-64','[{"changed": {"name": "image", "object": "Image object (76)", "fields": ["img_src"]}}, {"changed": {"name": "image", "object": "Image object (77)", "fields": ["img_src"]}}, {"changed": {"name": "image", "object": "Image object (78)", "fields": ["img_src"]}}]',10,1,2);
INSERT INTO django_admin_log VALUES(551,'2021-04-10 10:53:11.162727','17','هندزفری مدل GD-64','[]',11,1,2);
INSERT INTO django_admin_log VALUES(552,'2021-04-10 10:54:05.842491','34','هندزفری مدل T2000','[{"changed": {"name": "image", "object": "Image object (79)", "fields": ["img_src"]}}, {"changed": {"name": "image", "object": "Image object (80)", "fields": ["img_src"]}}]',10,1,2);
INSERT INTO django_admin_log VALUES(553,'2021-04-10 10:54:08.614479','18','هندزفری مدل T2000','[]',11,1,2);
INSERT INTO django_admin_log VALUES(554,'2021-04-10 10:59:35.465048','23','لپ تاپ 13 اینچی اپل مدل MacBook Air MWTJ2 2020','[{"changed": {"name": "image", "object": "Image object (40)", "fields": ["img_src"]}}, {"changed": {"name": "image", "object": "Image object (41)", "fields": ["img_src"]}}]',10,1,2);
INSERT INTO django_admin_log VALUES(555,'2021-04-10 11:00:00.358201','23','لپ تاپ 13 اینچی اپل مدل MacBook Air MWTJ2 2020','[{"changed": {"name": "image", "object": "Image object (42)", "fields": ["img_src"]}}, {"changed": {"name": "image", "object": "Image object (43)", "fields": ["img_src"]}}, {"changed": {"name": "image", "object": "Image object (44)", "fields": ["img_src"]}}]',10,1,2);
INSERT INTO django_admin_log VALUES(556,'2021-04-10 11:00:17.070316','7','لپ تاپ 13 اینچی اپل مدل MacBook Air MWTJ2 2020','[{"changed": {"name": "lap top", "object": "LapTop object (7)", "fields": ["color_choose"]}}]',11,1,2);
INSERT INTO django_admin_log VALUES(557,'2021-04-10 11:09:48.940597','25','لپ تاپ 13 اینچی اپل مدل MacBook Pro MV972 2019 همراه با تاچ بار','[{"changed": {"name": "image", "object": "Image object (49)", "fields": ["img_src"]}}, {"changed": {"name": "image", "object": "Image object (50)", "fields": ["img_src"]}}, {"changed": {"name": "image", "object": "Image object (51)", "fields": ["img_src"]}}, {"changed": {"name": "image", "object": "Image object (52)", "fields": ["img_src"]}}]',10,1,2);
INSERT INTO django_admin_log VALUES(558,'2021-04-10 11:10:01.309371','9','لپ تاپ 13 اینچی اپل مدل MacBook Pro MV972 2019 همراه با تاچ بار','[{"changed": {"name": "lap top", "object": "LapTop object (9)", "fields": ["color_choose"]}}]',11,1,2);
INSERT INTO django_admin_log VALUES(559,'2021-04-11 07:41:58.034006','123','لپ تاپ 13 اینچی اپل مدل MacBook Pro MXK32 2020 همراه با تاچ بار','[{"changed": {"name": "image", "object": "Image object (362)", "fields": ["img_src"]}}, {"changed": {"name": "image", "object": "Image object (363)", "fields": ["img_src"]}}, {"changed": {"name": "image", "object": "Image object (364)", "fields": ["img_src"]}}, {"changed": {"name": "image", "object": "Image object (365)", "fields": ["img_src"]}}, {"changed": {"name": "image", "object": "Image object (366)", "fields": ["img_src"]}}]',10,1,2);
INSERT INTO django_admin_log VALUES(560,'2021-04-11 07:42:01.239422','28','لپ تاپ 13 اینچی اپل مدل MacBook Pro MXK32 2020 همراه با تاچ بار','[]',11,1,2);
INSERT INTO django_admin_log VALUES(561,'2021-04-11 07:44:04.179922','128','لپ تاپ 13 اینچی هوآوی مدل MateBook 13 2020 - B','[{"changed": {"name": "image", "object": "Image object (384)", "fields": ["img_src"]}}, {"changed": {"name": "image", "object": "Image object (385)", "fields": ["img_src"]}}, {"changed": {"name": "image", "object": "Image object (386)", "fields": ["img_src"]}}, {"changed": {"name": "image", "object": "Image object (387)", "fields": ["img_src"]}}]',10,1,2);
INSERT INTO django_admin_log VALUES(562,'2021-04-11 07:44:10.107604','33','لپ تاپ 13 اینچی هوآوی مدل MateBook 13 2020 - B','[]',11,1,2);
INSERT INTO django_admin_log VALUES(563,'2021-04-11 07:47:13.171625','24','لپ تاپ 14 اینچی ایسوس مدل VivoBook A412FJ-EK301T','[{"changed": {"name": "image", "object": "Image object (45)", "fields": ["img_src"]}}, {"changed": {"name": "image", "object": "Image object (46)", "fields": ["img_src"]}}, {"changed": {"name": "image", "object": "Image object (47)", "fields": ["img_src"]}}, {"changed": {"name": "image", "object": "Image object (48)", "fields": ["img_src"]}}]',10,1,2);
INSERT INTO django_admin_log VALUES(564,'2021-04-11 07:47:20.539675','8','لپ تاپ 14 اینچی ایسوس مدل VivoBook A412FJ-EK301T','[{"changed": {"name": "lap top", "object": "LapTop object (8)", "fields": ["color_choose"]}}]',11,1,2);
INSERT INTO django_admin_log VALUES(565,'2021-04-11 07:49:29.236830','120','لپ تاپ 14 اینچی هوآوی مدل MateBook X Pro','[{"changed": {"name": "image", "object": "Image object (349)", "fields": ["img_src"]}}, {"changed": {"name": "image", "object": "Image object (350)", "fields": ["img_src"]}}, {"changed": {"name": "image", "object": "Image object (351)", "fields": ["img_src"]}}, {"changed": {"name": "image", "object": "Image object (352)", "fields": ["img_src"]}}, {"changed": {"name": "image", "object": "Image object (353)", "fields": ["img_src"]}}]',10,1,2);
INSERT INTO django_admin_log VALUES(566,'2021-04-11 07:49:32.300868','25','لپ تاپ 14 اینچی هوآوی مدل MateBook X Pro','[]',11,1,2);
INSERT INTO django_admin_log VALUES(567,'2021-04-11 07:51:23.112816','127','لپ تاپ 15.6 اینچی ایسوس مدل VivoBook S533JQ - A','[{"changed": {"name": "image", "object": "Image object (380)", "fields": ["img_src"]}}, {"changed": {"name": "image", "object": "Image object (381)", "fields": ["img_src"]}}, {"changed": {"name": "image", "object": "Image object (382)", "fields": ["img_src"]}}, {"changed": {"name": "image", "object": "Image object (383)", "fields": ["img_src"]}}]',10,1,2);
INSERT INTO django_admin_log VALUES(568,'2021-04-11 07:51:28.403088','32','لپ تاپ 15.6 اینچی ایسوس مدل VivoBook S533JQ - A','[]',11,1,2);
INSERT INTO django_admin_log VALUES(569,'2021-04-11 07:53:03.386989','121','لپ تاپ 15.6 اینچی ایسوس مدل VivoBook X540YA - MMRR','[{"changed": {"name": "image", "object": "Image object (354)", "fields": ["img_src"]}}, {"changed": {"name": "image", "object": "Image object (355)", "fields": ["img_src"]}}, {"changed": {"name": "image", "object": "Image object (356)", "fields": ["img_src"]}}]',10,1,2);
INSERT INTO django_admin_log VALUES(570,'2021-04-11 07:53:07.138925','26','لپ تاپ 15.6 اینچی ایسوس مدل VivoBook X540YA - MMRR','[]',11,1,2);
INSERT INTO django_admin_log VALUES(571,'2021-04-11 07:55:09.435025','122','لپ تاپ 15 اینچی ایسوس مدل VivoBook X543MA - NP','[{"changed": {"name": "image", "object": "Image object (357)", "fields": ["img_src"]}}, {"changed": {"name": "image", "object": "Image object (358)", "fields": ["img_src"]}}]',10,1,2);
INSERT INTO django_admin_log VALUES(572,'2021-04-11 07:55:32.095256','122','لپ تاپ 15 اینچی ایسوس مدل VivoBook X543MA - NP','[{"changed": {"name": "image", "object": "Image object (359)", "fields": ["img_src"]}}, {"changed": {"name": "image", "object": "Image object (360)", "fields": ["img_src"]}}, {"changed": {"name": "image", "object": "Image object (361)", "fields": ["img_src"]}}]',10,1,2);
INSERT INTO django_admin_log VALUES(573,'2021-04-11 07:55:35.167598','27','لپ تاپ 15 اینچی ایسوس مدل VivoBook X543MA - NP','[]',11,1,2);
INSERT INTO django_admin_log VALUES(574,'2021-04-11 07:57:27.509515','125','لپ تاپ 15 اینچی ایسوس مدل ZenBook FLip UX563FD-A','[{"changed": {"name": "image", "object": "Image object (372)", "fields": ["img_src"]}}, {"changed": {"name": "image", "object": "Image object (373)", "fields": ["img_src"]}}, {"changed": {"name": "image", "object": "Image object (374)", "fields": ["img_src"]}}, {"changed": {"name": "image", "object": "Image object (375)", "fields": ["img_src"]}}]',10,1,2);
INSERT INTO django_admin_log VALUES(575,'2021-04-11 07:57:30.970166','30','لپ تاپ 15 اینچی ایسوس مدل ZenBook FLip UX563FD-A','[]',11,1,2);
INSERT INTO django_admin_log VALUES(576,'2021-04-11 07:59:48.090849','124','لپ تاپ 16 اینچی اپل مدل MacBook Pro MVVL2 2019 همراه با تاچ بار','[{"changed": {"name": "image", "object": "Image object (367)", "fields": ["img_src"]}}, {"changed": {"name": "image", "object": "Image object (368)", "fields": ["img_src"]}}, {"changed": {"name": "image", "object": "Image object (369)", "fields": ["img_src"]}}, {"changed": {"name": "image", "object": "Image object (370)", "fields": ["img_src"]}}, {"changed": {"name": "image", "object": "Image object (371)", "fields": ["img_src"]}}]',10,1,2);
INSERT INTO django_admin_log VALUES(577,'2021-04-11 07:59:53.517955','29','لپ تاپ 16 اینچی اپل مدل MacBook Pro MVVL2 2019 همراه با تاچ بار','[]',11,1,2);
INSERT INTO django_admin_log VALUES(578,'2021-04-11 08:02:07.191438','124','لپ تاپ 16 اینچی اپل مدل MacBook Pro MVVL2 2019 همراه با تاچ بار','[]',10,1,2);
INSERT INTO django_admin_log VALUES(579,'2021-04-11 08:02:10.637085','29','لپ تاپ 16 اینچی اپل مدل MacBook Pro MVVL2 2019 همراه با تاچ بار','[]',11,1,2);
INSERT INTO django_admin_log VALUES(580,'2021-04-11 08:02:33.712909','29','لپ تاپ 16 اینچی اپل مدل MacBook Pro MVVL2 2019 همراه با تاچ بار','',11,1,3);
INSERT INTO django_admin_log VALUES(581,'2021-04-11 08:09:03.974861','126','لپتاپ 15 اینچی ایسوس مدل TUF FX505DT - A','[{"changed": {"name": "image", "object": "Image object (376)", "fields": ["img_src"]}}, {"changed": {"name": "image", "object": "Image object (377)", "fields": ["img_src"]}}, {"changed": {"name": "image", "object": "Image object (378)", "fields": ["img_src"]}}, {"changed": {"name": "image", "object": "Image object (379)", "fields": ["img_src"]}}]',10,1,2);
INSERT INTO django_admin_log VALUES(582,'2021-04-11 08:09:08.699884','31','لپتاپ 15 اینچی ایسوس مدل TUF FX505DT - A','[]',11,1,2);
INSERT INTO django_admin_log VALUES(583,'2021-04-11 08:15:22.203277','57','مانتو بافت زنانه طرح آجر کد M-so1','[{"changed": {"name": "image", "object": "Image object (151)", "fields": ["img_src"]}}, {"changed": {"name": "image", "object": "Image object (152)", "fields": ["img_src"]}}, {"changed": {"name": "image", "object": "Image object (153)", "fields": ["img_src"]}}]',10,1,2);
INSERT INTO django_admin_log VALUES(584,'2021-04-11 08:15:26.642067','24','مانتو بافت زنانه طرح آجر کد M-so1','[]',18,1,2);
INSERT INTO django_admin_log VALUES(585,'2021-04-11 08:17:41.906127','54','مانتو زنانه دِرِس ایگو کد 1100030 رنگ صورتی','[{"changed": {"name": "image", "object": "Image object (139)", "fields": ["img_src"]}}, {"changed": {"name": "image", "object": "Image object (140)", "fields": ["img_src"]}}, {"changed": {"name": "image", "object": "Image object (141)", "fields": ["img_src"]}}, {"changed": {"name": "image", "object": "Image object (142)", "fields": ["img_src"]}}]',10,1,2);
INSERT INTO django_admin_log VALUES(586,'2021-04-11 08:17:45.592656','21','مانتو زنانه دِرِس ایگو کد 1100030 رنگ صورتی','[]',18,1,2);
INSERT INTO django_admin_log VALUES(587,'2021-04-11 08:19:56.350038','58','مانتو زنانه مانتو ولیعصر مدل دلربا کد 60003','[{"changed": {"name": "image", "object": "Image object (154)", "fields": ["img_src"]}}, {"changed": {"name": "image", "object": "Image object (155)", "fields": ["img_src"]}}, {"changed": {"name": "image", "object": "Image object (156)", "fields": ["img_src"]}}, {"changed": {"name": "image", "object": "Image object (157)", "fields": ["img_src"]}}]',10,1,2);
INSERT INTO django_admin_log VALUES(588,'2021-04-11 08:19:59.173319','25','مانتو زنانه مانتو ولیعصر مدل دلربا کد 60003','[]',18,1,2);
INSERT INTO django_admin_log VALUES(589,'2021-04-11 08:22:35.026974','55','مانتو زنانه مانتو ولیعصر مدل ساینا کد 60401','[{"changed": {"name": "image", "object": "Image object (143)", "fields": ["img_src"]}}, {"changed": {"name": "image", "object": "Image object (144)", "fields": ["img_src"]}}, {"changed": {"name": "image", "object": "Image object (145)", "fields": ["img_src"]}}, {"changed": {"name": "image", "object": "Image object (146)", "fields": ["img_src"]}}]',10,1,2);
INSERT INTO django_admin_log VALUES(590,'2021-04-11 08:22:38.674780','22','مانتو زنانه مانتو ولیعصر مدل ساینا کد 60401','[]',18,1,2);
INSERT INTO django_admin_log VALUES(591,'2021-04-11 08:24:55.602135','56','مانتو زنانه مدل بانو رنگ مشکی','[{"changed": {"name": "image", "object": "Image object (147)", "fields": ["img_src"]}}, {"changed": {"name": "image", "object": "Image object (148)", "fields": ["img_src"]}}, {"changed": {"name": "image", "object": "Image object (149)", "fields": ["img_src"]}}, {"changed": {"name": "image", "object": "Image object (150)", "fields": ["img_src"]}}]',10,1,2);
INSERT INTO django_admin_log VALUES(592,'2021-04-11 08:25:02.369252','23','مانتو زنانه مدل بانو رنگ مشکی','[]',18,1,2);
INSERT INTO django_admin_log VALUES(593,'2021-04-11 08:28:45.931010','28','گوشی موبایل اپل مدل iPhone 11 Pro Max A2220 دو سیم‌ کارت','[{"changed": {"name": "image", "object": "Image object (61)", "fields": ["img_src"]}}, {"changed": {"name": "image", "object": "Image object (62)", "fields": ["img_src"]}}, {"changed": {"name": "image", "object": "Image object (63)", "fields": ["img_src"]}}, {"changed": {"name": "image", "object": "Image object (64)", "fields": ["img_src"]}}]',10,1,2);
INSERT INTO django_admin_log VALUES(594,'2021-04-11 08:28:56.605294','12','گوشی موبایل اپل مدل iPhone 11 Pro Max A2220 دو سیم‌ کارت','[{"changed": {"name": "mobile", "object": "Mobile object (3)", "fields": ["color_choose"]}}]',11,1,2);
INSERT INTO django_admin_log VALUES(595,'2021-04-11 08:30:43.169047','30','گوشی موبایل سامسونگ مدل Galaxy A31 SM-A315F/DS دو سیم کارت','[{"changed": {"name": "image", "object": "Image object (68)", "fields": ["img_src"]}}, {"changed": {"name": "image", "object": "Image object (69)", "fields": ["img_src"]}}, {"changed": {"name": "image", "object": "Image object (70)", "fields": ["img_src"]}}]',10,1,2);
INSERT INTO django_admin_log VALUES(596,'2021-04-11 08:30:51.981005','14','گوشی موبایل سامسونگ مدل Galaxy A31 SM-A315F/DS دو سیم کارت','[{"changed": {"name": "mobile", "object": "Mobile object (5)", "fields": ["color_choose"]}}]',11,1,2);
INSERT INTO django_admin_log VALUES(597,'2021-04-11 08:33:22.969815','26','گوشی موبایل سامسونگ مدل Galaxy A51 SM-A515F.DSN دو سیم کارت','[{"changed": {"name": "image", "object": "Image object (53)", "fields": ["img_src"]}}, {"changed": {"name": "image", "object": "Image object (54)", "fields": ["img_src"]}}]',10,1,2);
INSERT INTO django_admin_log VALUES(598,'2021-04-11 08:33:50.252358','26','گوشی موبایل سامسونگ مدل Galaxy A51 SM-A515F.DSN دو سیم کارت','[{"changed": {"name": "image", "object": "Image object (55)", "fields": ["img_src"]}}, {"changed": {"name": "image", "object": "Image object (56)", "fields": ["img_src"]}}, {"changed": {"name": "image", "object": "Image object (57)", "fields": ["img_src"]}}]',10,1,2);
INSERT INTO django_admin_log VALUES(599,'2021-04-11 08:33:57.781919','10','گوشی موبایل سامسونگ مدل Galaxy A51 SM-A515F.DSN دو سیم کارت','[{"changed": {"name": "mobile", "object": "Mobile object (1)", "fields": ["color_choose"]}}]',11,1,2);
INSERT INTO django_admin_log VALUES(600,'2021-04-11 08:35:36.493054','27','گوشی موبایل هوآوی مدل P30 Pro VOG-L29 دو سیم کارت','[{"changed": {"name": "image", "object": "Image object (58)", "fields": ["img_src"]}}, {"changed": {"name": "image", "object": "Image object (59)", "fields": ["img_src"]}}, {"changed": {"name": "image", "object": "Image object (60)", "fields": ["img_src"]}}]',10,1,2);
INSERT INTO django_admin_log VALUES(601,'2021-04-11 08:36:48.155503','11','گوشی موبایل هوآوی مدل P30 Pro VOG-L29 دو سیم کارت','[{"changed": {"name": "mobile", "object": "Mobile object (2)", "fields": ["color_choose"]}}]',11,1,2);
INSERT INTO django_admin_log VALUES(602,'2021-04-11 08:41:39.559347','29','گوشی موبایل هوآوی مدل Y8p AQM-LX1 دو سیم کارت','[{"changed": {"name": "image", "object": "Image object (65)", "fields": ["img_src"]}}, {"changed": {"name": "image", "object": "Image object (66)", "fields": ["img_src"]}}, {"changed": {"name": "image", "object": "Image object (67)", "fields": ["img_src"]}}]',10,1,2);
INSERT INTO django_admin_log VALUES(603,'2021-04-11 08:42:00.195478','13','گوشی موبایل هوآوی مدل Y8p AQM-LX1 دو سیم کارت','[{"changed": {"name": "lap top", "object": "LapTop object (10)", "fields": ["color_choose"]}}, {"changed": {"name": "mobile", "object": "Mobile object (4)", "fields": ["color_choose"]}}]',11,1,2);
INSERT INTO django_admin_log VALUES(604,'2021-04-11 08:44:12.094492','103','دفتر برنامه ریزی سیب مدل my planner','[{"changed": {"name": "image", "object": "Image object (309)", "fields": ["img_src"]}}, {"changed": {"name": "image", "object": "Image object (310)", "fields": ["img_src"]}}, {"changed": {"name": "image", "object": "Image object (311)", "fields": ["img_src"]}}, {"changed": {"name": "image", "object": "Image object (312)", "fields": ["img_src"]}}]',10,1,2);
INSERT INTO django_admin_log VALUES(605,'2021-04-11 08:44:15.928807','4','دفتر برنامه ریزی سیب مدل my planner','[]',13,1,2);
INSERT INTO django_admin_log VALUES(606,'2021-04-11 08:45:57.816389','105','دفتر کلاسوری 200 برگ پاپکو مدل NB-608R','[{"changed": {"name": "image", "object": "Image object (316)", "fields": ["img_src"]}}, {"changed": {"name": "image", "object": "Image object (317)", "fields": ["img_src"]}}, {"changed": {"name": "image", "object": "Image object (318)", "fields": ["img_src"]}}]',10,1,2);
INSERT INTO django_admin_log VALUES(607,'2021-04-11 08:46:03.275630','6','دفتر کلاسوری 200 برگ پاپکو مدل NB-608R','[]',13,1,2);
INSERT INTO django_admin_log VALUES(608,'2021-04-11 08:47:46.796072','102','دفتر مشق 50 برگ مدل BS 209','[{"changed": {"name": "image", "object": "Image object (307)", "fields": ["img_src"]}}, {"changed": {"name": "image", "object": "Image object (308)", "fields": ["img_src"]}}]',10,1,2);
INSERT INTO django_admin_log VALUES(609,'2021-04-11 08:47:50.339538','3','دفتر مشق 50 برگ مدل BS 209','[]',13,1,2);
INSERT INTO django_admin_log VALUES(610,'2021-04-11 08:48:53.926402','104','دفتر مشق 100 برگ بوفی مدل A-100','[{"changed": {"name": "image", "object": "Image object (313)", "fields": ["img_src"]}}, {"changed": {"name": "image", "object": "Image object (314)", "fields": ["img_src"]}}, {"changed": {"name": "image", "object": "Image object (315)", "fields": ["img_src"]}}]',10,1,2);
INSERT INTO django_admin_log VALUES(611,'2021-04-11 08:48:57.073319','5','دفتر مشق 100 برگ بوفی مدل A-100','[]',13,1,2);
INSERT INTO django_admin_log VALUES(612,'2021-04-11 08:49:57.250116','101','دفتر مشق 100 برگ کد M1','[{"changed": {"name": "image", "object": "Image object (305)", "fields": ["img_src"]}}, {"changed": {"name": "image", "object": "Image object (306)", "fields": ["img_src"]}}]',10,1,2);
INSERT INTO django_admin_log VALUES(613,'2021-04-11 08:49:58.800088','2','دفتر مشق 100 برگ کد M1','[]',13,1,2);
INSERT INTO django_admin_log VALUES(614,'2021-04-11 08:55:03.519130','53','شلوار مردانه پیمان شاکر مدل 2401104-92','[{"changed": {"name": "image", "object": "Image object (136)", "fields": ["img_src"]}}, {"changed": {"name": "image", "object": "Image object (137)", "fields": ["img_src"]}}, {"changed": {"name": "image", "object": "Image object (138)", "fields": ["img_src"]}}]',10,1,2);
INSERT INTO django_admin_log VALUES(615,'2021-04-11 08:55:07.169725','20','شلوار مردانه پیمان شاکر مدل 2401104-92','[]',18,1,2);
INSERT INTO django_admin_log VALUES(616,'2021-04-11 08:57:09.172675','52','شلوار مردانه کد SA-ME رنگ مشکی','[{"changed": {"name": "image", "object": "Image object (132)", "fields": ["img_src"]}}, {"changed": {"name": "image", "object": "Image object (133)", "fields": ["img_src"]}}, {"changed": {"name": "image", "object": "Image object (134)", "fields": ["img_src"]}}, {"changed": {"name": "image", "object": "Image object (135)", "fields": ["img_src"]}}]',10,1,2);
INSERT INTO django_admin_log VALUES(617,'2021-04-11 08:57:12.441180','19','شلوار مردانه کد SA-ME رنگ مشکی','[]',18,1,2);
INSERT INTO django_admin_log VALUES(618,'2021-04-11 08:58:26.324301','50','شلوار مردانه کد TRO-COT-2E رنگ سرمه ای','[{"changed": {"name": "image", "object": "Image object (128)", "fields": ["img_src"]}}, {"changed": {"name": "image", "object": "Image object (129)", "fields": ["img_src"]}}]',10,1,2);
INSERT INTO django_admin_log VALUES(619,'2021-04-11 08:58:29.627524','17','شلوار مردانه کد TRO-COT-2E رنگ سرمه ای','[]',18,1,2);
INSERT INTO django_admin_log VALUES(620,'2021-04-11 08:59:33.771408','49','شلوار مردانه کد TRO-COT-13 رنگ طوسی','[{"changed": {"name": "image", "object": "Image object (126)", "fields": ["img_src"]}}, {"changed": {"name": "image", "object": "Image object (127)", "fields": ["img_src"]}}]',10,1,2);
INSERT INTO django_admin_log VALUES(621,'2021-04-11 08:59:36.628093','16','شلوار مردانه کد TRO-COT-13 رنگ طوسی','[]',18,1,2);
INSERT INTO django_admin_log VALUES(622,'2021-04-11 09:00:51.930910','51','شلوار مردانه مدل sha.jns.021','[{"changed": {"name": "image", "object": "Image object (130)", "fields": ["img_src"]}}, {"changed": {"name": "image", "object": "Image object (131)", "fields": ["img_src"]}}, {"changed": {"name": "image", "object": "Image object (191)", "fields": ["img_src"]}}]',10,1,2);
INSERT INTO django_admin_log VALUES(623,'2021-04-11 09:00:56.066073','18','شلوار مردانه مدل sha.jns.021','[]',18,1,2);
INSERT INTO django_admin_log VALUES(624,'2021-04-11 09:04:13.764929','66','شلوار جین جذب زنانه - میس بن بن','[{"changed": {"name": "image", "object": "Image object (182)", "fields": ["img_src"]}}, {"changed": {"name": "image", "object": "Image object (183)", "fields": ["img_src"]}}, {"changed": {"name": "image", "object": "Image object (184)", "fields": ["img_src"]}}]',10,1,2);
INSERT INTO django_admin_log VALUES(625,'2021-04-11 09:04:18.723470','33','شلوار جین جذب زنانه - میس بن بن','[]',18,1,2);
INSERT INTO django_admin_log VALUES(626,'2021-04-11 09:06:00.592458','68','شلوار زنانه آر ان اس مدل 104047-41','[{"changed": {"name": "image", "object": "Image object (188)", "fields": ["img_src"]}}, {"changed": {"name": "image", "object": "Image object (189)", "fields": ["img_src"]}}, {"changed": {"name": "image", "object": "Image object (190)", "fields": ["img_src"]}}]',10,1,2);
INSERT INTO django_admin_log VALUES(627,'2021-04-11 09:06:02.893699','35','شلوار زنانه آر ان اس مدل 104047-41','[]',18,1,2);
INSERT INTO django_admin_log VALUES(628,'2021-04-11 09:07:06.409989','65','شلوار زنانه کد CRP90GY','[{"changed": {"name": "image", "object": "Image object (179)", "fields": ["img_src"]}}, {"changed": {"name": "image", "object": "Image object (180)", "fields": ["img_src"]}}, {"changed": {"name": "image", "object": "Image object (181)", "fields": ["img_src"]}}]',10,1,2);
INSERT INTO django_admin_log VALUES(629,'2021-04-11 09:07:09.667690','32','شلوار زنانه کد CRP90GY','[]',18,1,2);
INSERT INTO django_admin_log VALUES(630,'2021-04-11 09:08:17.608967','67','شلوار زنانه مدل TR.CRM.BND1','[{"changed": {"name": "image", "object": "Image object (185)", "fields": ["img_src"]}}, {"changed": {"name": "image", "object": "Image object (186)", "fields": ["img_src"]}}, {"changed": {"name": "image", "object": "Image object (187)", "fields": ["img_src"]}}]',10,1,2);
INSERT INTO django_admin_log VALUES(631,'2021-04-11 09:08:21.214834','34','شلوار زنانه مدل TR.CRM.BND1','[]',18,1,2);
INSERT INTO django_admin_log VALUES(632,'2021-04-11 09:09:45.023599','64','شلوار زنانه مون مدل 163111699','[{"changed": {"name": "image", "object": "Image object (176)", "fields": ["img_src"]}}, {"changed": {"name": "image", "object": "Image object (177)", "fields": ["img_src"]}}, {"changed": {"name": "image", "object": "Image object (178)", "fields": ["img_src"]}}]',10,1,2);
INSERT INTO django_admin_log VALUES(633,'2021-04-11 09:09:47.867672','31','شلوار زنانه مون مدل 163111699','[]',18,1,2);
INSERT INTO django_admin_log VALUES(634,'2021-04-11 09:14:45.668089','107','خودکار بیک مدل Cristal Medium','[{"changed": {"name": "image", "object": "Image object (322)", "fields": ["img_src"]}}, {"changed": {"name": "image", "object": "Image object (323)", "fields": ["img_src"]}}]',10,1,2);
INSERT INTO django_admin_log VALUES(635,'2021-04-11 09:14:53.412529','8','خودکار بیک مدل Cristal Medium','[]',13,1,2);
INSERT INTO django_admin_log VALUES(636,'2021-04-11 09:15:55.707254','109','خودکار پنتر مدل ep_101','[{"changed": {"name": "image", "object": "Image object (326)", "fields": ["img_src"]}}, {"changed": {"name": "image", "object": "Image object (327)", "fields": ["img_src"]}}]',10,1,2);
INSERT INTO django_admin_log VALUES(637,'2021-04-11 09:15:58.594445','10','خودکار پنتر مدل ep_101','[]',13,1,2);
INSERT INTO django_admin_log VALUES(638,'2021-04-11 09:17:18.943701','21','خودکار پنتر مدل Semi Gel بسته 2 عددی','[{"changed": {"name": "image", "object": "Image object (34)", "fields": ["img_src"]}}, {"changed": {"name": "image", "object": "Image object (319)", "fields": ["img_src"]}}]',10,1,2);
INSERT INTO django_admin_log VALUES(639,'2021-04-11 09:17:21.293665','1','خودکار پنتر مدل Semi Gel بسته 2 عددی','[]',13,1,2);
INSERT INTO django_admin_log VALUES(640,'2021-04-11 09:18:23.925358','108','خودکار پنسان مدل my tech','[{"changed": {"name": "image", "object": "Image object (324)", "fields": ["img_src"]}}, {"changed": {"name": "image", "object": "Image object (325)", "fields": ["img_src"]}}]',10,1,2);
INSERT INTO django_admin_log VALUES(641,'2021-04-11 09:18:27.315954','9','خودکار پنسان مدل my tech','[]',13,1,2);
INSERT INTO django_admin_log VALUES(642,'2021-04-11 09:19:25.170990','106','خودکار کیان مدل B2 بسته 2 عددی','[{"changed": {"name": "image", "object": "Image object (320)", "fields": ["img_src"]}}, {"changed": {"name": "image", "object": "Image object (321)", "fields": ["img_src"]}}]',10,1,2);
INSERT INTO django_admin_log VALUES(643,'2021-04-11 09:19:26.425749','7','خودکار کیان مدل B2 بسته 2 عددی','[]',13,1,2);
INSERT INTO django_admin_log VALUES(644,'2021-04-11 09:22:36.959786','71','یخچال و فریزر امرسان مدلBFN20D321','[{"changed": {"name": "image", "object": "Image object (197)", "fields": ["img_src"]}}, {"changed": {"name": "image", "object": "Image object (198)", "fields": ["img_src"]}}, {"changed": {"name": "image", "object": "Image object (199)", "fields": ["img_src"]}}, {"changed": {"name": "image", "object": "Image object (200)", "fields": ["img_src"]}}]',10,1,2);
INSERT INTO django_admin_log VALUES(645,'2021-04-11 09:22:40.323094','5','یخچال و فریزر امرسان مدلBFN20D321','[]',20,1,2);
INSERT INTO django_admin_log VALUES(646,'2021-04-11 09:23:46.114013','72','یخچال و فریزر امرسان مدل TFH14T','[{"changed": {"name": "image", "object": "Image object (201)", "fields": ["img_src"]}}, {"changed": {"name": "image", "object": "Image object (202)", "fields": ["img_src"]}}, {"changed": {"name": "image", "object": "Image object (203)", "fields": ["img_src"]}}]',10,1,2);
INSERT INTO django_admin_log VALUES(647,'2021-04-11 09:23:50.056967','6','یخچال و فریزر امرسان مدل TFH14T','[]',20,1,2);
INSERT INTO django_admin_log VALUES(648,'2021-04-11 09:25:11.557306','69','یخچال و فریزر ساید بای ساید اسنوا مدل S8-2261S','[{"changed": {"name": "image", "object": "Image object (192)", "fields": ["img_src"]}}, {"changed": {"name": "image", "object": "Image object (193)", "fields": ["img_src"]}}]',10,1,2);
INSERT INTO django_admin_log VALUES(649,'2021-04-11 09:25:49.946560','3','یخچال و فریزر ساید بای ساید اسنوا مدل S8-2261S','[]',20,1,2);
INSERT INTO django_admin_log VALUES(650,'2021-04-11 09:27:05.248123','70','یخچال و فریزر ساید بای ساید اسنوا مدل S8-2352','[{"changed": {"name": "image", "object": "Image object (194)", "fields": ["img_src"]}}, {"changed": {"name": "image", "object": "Image object (195)", "fields": ["img_src"]}}, {"changed": {"name": "image", "object": "Image object (196)", "fields": ["img_src"]}}]',10,1,2);
INSERT INTO django_admin_log VALUES(651,'2021-04-11 09:27:09.926184','4','یخچال و فریزر ساید بای ساید اسنوا مدل S8-2352','[]',20,1,2);
INSERT INTO django_admin_log VALUES(652,'2021-04-11 09:29:50.771236','43','پیراهن آستین کوتاه مردانه نگین کد DAK-20845 رنگ سفید','[{"changed": {"name": "image", "object": "Image object (109)", "fields": ["img_src"]}}, {"changed": {"name": "image", "object": "Image object (110)", "fields": ["img_src"]}}, {"changed": {"name": "image", "object": "Image object (111)", "fields": ["img_src"]}}, {"changed": {"name": "image", "object": "Image object (112)", "fields": ["img_src"]}}]',10,1,2);
INSERT INTO django_admin_log VALUES(653,'2021-04-11 09:29:54.738330','10','پیراهن آستین کوتاه مردانه نگین کد DAK-20845 رنگ سفید','[]',18,1,2);
INSERT INTO django_admin_log VALUES(654,'2021-04-11 09:31:01.901921','14','پیراهن مردانه پازو کد L-B','[{"changed": {"name": "image", "object": "Image object (17)", "fields": ["img_src"]}}, {"changed": {"name": "image", "object": "Image object (18)", "fields": ["img_src"]}}]',10,1,2);
INSERT INTO django_admin_log VALUES(655,'2021-04-11 09:31:43.389517','6','پیراهن مردانه پازو کد L-B','[{"changed": {"name": "shirt", "object": "Shirt object (3)", "fields": ["size_this"]}}]',18,1,2);
INSERT INTO django_admin_log VALUES(656,'2021-04-11 09:32:14.208766','6','پیراهن مردانه پازو کد L-B','[{"changed": {"name": "shirt", "object": "Shirt object (3)", "fields": ["size_this"]}}]',18,1,2);
INSERT INTO django_admin_log VALUES(657,'2021-04-11 09:33:43.849179','41','پیراهن مردانه کد M02328','[{"changed": {"name": "image", "object": "Image object (103)", "fields": ["img_src"]}}, {"changed": {"name": "image", "object": "Image object (104)", "fields": ["img_src"]}}, {"changed": {"name": "image", "object": "Image object (105)", "fields": ["img_src"]}}, {"changed": {"name": "image", "object": "Image object (106)", "fields": ["img_src"]}}]',10,1,2);
INSERT INTO django_admin_log VALUES(658,'2021-04-11 09:33:47.518968','8','پیراهن مردانه کد M02328','[]',18,1,2);
INSERT INTO django_admin_log VALUES(659,'2021-04-11 09:36:50.065525','42','پیراهن مردانه کد s20','[{"changed": {"name": "image", "object": "Image object (107)", "fields": ["img_src"]}}, {"changed": {"name": "image", "object": "Image object (108)", "fields": ["img_src"]}}]',10,1,2);
INSERT INTO django_admin_log VALUES(660,'2021-04-11 09:36:55.240961','9','پیراهن مردانه کد s20','[]',18,1,2);
INSERT INTO django_admin_log VALUES(661,'2021-04-11 09:40:18.108156','86','مبل 7 نفره آرتان کد 008','[{"changed": {"name": "image", "object": "Image object (262)", "fields": ["img_src"]}}, {"changed": {"name": "image", "object": "Image object (263)", "fields": ["img_src"]}}, {"changed": {"name": "image", "object": "Image object (264)", "fields": ["img_src"]}}, {"changed": {"name": "image", "object": "Image object (265)", "fields": ["img_src"]}}]',10,1,2);
INSERT INTO django_admin_log VALUES(662,'2021-04-11 09:40:21.204741','20','مبل 7 نفره آرتان کد 008','[]',20,1,2);
INSERT INTO django_admin_log VALUES(663,'2021-04-11 09:42:06.381371','85','مبل راحتی 7 نفره چشمه نور کد MA201-N-GR','[{"changed": {"name": "image", "object": "Image object (257)", "fields": ["img_src"]}}, {"changed": {"name": "image", "object": "Image object (258)", "fields": ["img_src"]}}, {"changed": {"name": "image", "object": "Image object (259)", "fields": ["img_src"]}}, {"changed": {"name": "image", "object": "Image object (260)", "fields": ["img_src"]}}, {"changed": {"name": "image", "object": "Image object (261)", "fields": ["img_src"]}}]',10,1,2);
INSERT INTO django_admin_log VALUES(664,'2021-04-11 09:42:09.209024','19','مبل راحتی 7 نفره چشمه نور کد MA201-N-GR','[]',20,1,2);
INSERT INTO django_admin_log VALUES(665,'2021-04-11 09:44:27.965955','87','مبل راحتی 8 نفره مدل وارنا کد 3','[{"changed": {"name": "image", "object": "Image object (266)", "fields": ["img_src"]}}, {"changed": {"name": "image", "object": "Image object (267)", "fields": ["img_src"]}}, {"changed": {"name": "image", "object": "Image object (268)", "fields": ["img_src"]}}, {"changed": {"name": "image", "object": "Image object (269)", "fields": ["img_src"]}}]',10,1,2);
INSERT INTO django_admin_log VALUES(666,'2021-04-11 09:44:30.826055','21','مبل راحتی 8 نفره مدل وارنا کد 3','[]',20,1,2);
INSERT INTO django_admin_log VALUES(667,'2021-04-11 09:46:54.303424','83','مبل راحتی هفت نفره مدل Pamir Lau','[{"changed": {"name": "image", "object": "Image object (248)", "fields": ["img_src"]}}, {"changed": {"name": "image", "object": "Image object (249)", "fields": ["img_src"]}}, {"changed": {"name": "image", "object": "Image object (250)", "fields": ["img_src"]}}, {"changed": {"name": "image", "object": "Image object (251)", "fields": ["img_src"]}}]',10,1,2);
INSERT INTO django_admin_log VALUES(668,'2021-04-11 09:46:58.054422','17','مبل راحتی هفت نفره مدل Pamir Lau','[]',20,1,2);
INSERT INTO django_admin_log VALUES(669,'2021-04-11 09:57:57.172620','84','مبل راحتی هفت نفره مدل کم جا کد 003','[{"changed": {"name": "image", "object": "Image object (252)", "fields": ["img_src"]}}, {"changed": {"name": "image", "object": "Image object (253)", "fields": ["img_src"]}}, {"changed": {"name": "image", "object": "Image object (254)", "fields": ["img_src"]}}, {"changed": {"name": "image", "object": "Image object (255)", "fields": ["img_src"]}}, {"changed": {"name": "image", "object": "Image object (256)", "fields": ["img_src"]}}]',10,1,2);
INSERT INTO django_admin_log VALUES(670,'2021-04-11 09:58:00.542477','18','مبل راحتی هفت نفره مدل کم جا کد 003','[]',20,1,2);
INSERT INTO django_admin_log VALUES(671,'2021-04-12 05:49:48.913797','95','تردمیل آذیموس مدل AZ-3050-CA','[{"changed": {"name": "image", "object": "Image object (291)", "fields": ["img_src"]}}, {"changed": {"name": "image", "object": "Image object (292)", "fields": ["img_src"]}}, {"changed": {"name": "image", "object": "Image object (293)", "fields": ["img_src"]}}]',10,1,2);
INSERT INTO django_admin_log VALUES(672,'2021-04-12 05:49:53.054963','12','تردمیل آذیموس مدل AZ-3050-CA','[]',16,1,2);
INSERT INTO django_admin_log VALUES(673,'2021-04-12 05:53:36.687194','93','تردمیل پروفرم مدل ENDURANCE M8I','[{"changed": {"name": "image", "object": "Image object (285)", "fields": ["img_src"]}}, {"changed": {"name": "image", "object": "Image object (286)", "fields": ["img_src"]}}, {"changed": {"name": "image", "object": "Image object (287)", "fields": ["img_src"]}}]',10,1,2);
INSERT INTO django_admin_log VALUES(674,'2021-04-12 05:53:39.397736','10','تردمیل پروفرم مدل ENDURANCE M8I','[]',16,1,2);
INSERT INTO django_admin_log VALUES(675,'2021-04-12 05:55:29.062948','96','تردمیل فیت فلکس مدل T5000-C','[{"changed": {"name": "image", "object": "Image object (294)", "fields": ["img_src"]}}, {"changed": {"name": "image", "object": "Image object (295)", "fields": ["img_src"]}}]',10,1,2);
INSERT INTO django_admin_log VALUES(676,'2021-04-12 05:55:37.322732','13','تردمیل فیت فلکس مدل T5000-C','[]',16,1,2);
INSERT INTO django_admin_log VALUES(677,'2021-04-12 05:56:39.521488','94','تردمیل فیت فلکس مدل T5000-TFT','[{"changed": {"name": "image", "object": "Image object (288)", "fields": ["img_src"]}}, {"changed": {"name": "image", "object": "Image object (289)", "fields": ["img_src"]}}, {"changed": {"name": "image", "object": "Image object (290)", "fields": ["img_src"]}}]',10,1,2);
INSERT INTO django_admin_log VALUES(678,'2021-04-12 05:56:44.684209','11','تردمیل فیت فلکس مدل T5000-TFT','[]',16,1,2);
INSERT INTO django_admin_log VALUES(679,'2021-04-12 05:58:07.659200','97','تردمیل نردیک ترک مدل T11.5','[{"changed": {"name": "image", "object": "Image object (296)", "fields": ["img_src"]}}, {"changed": {"name": "image", "object": "Image object (297)", "fields": ["img_src"]}}]',10,1,2);
INSERT INTO django_admin_log VALUES(680,'2021-04-12 05:58:10.603614','14','تردمیل نردیک ترک مدل T11.5','[]',16,1,2);
INSERT INTO django_admin_log VALUES(681,'2021-04-12 06:00:28.891877','46','پولوشرت مردانه وستیتی کد J7','[{"changed": {"name": "image", "object": "Image object (117)", "fields": ["img_src"]}}, {"changed": {"name": "image", "object": "Image object (118)", "fields": ["img_src"]}}, {"changed": {"name": "image", "object": "Image object (119)", "fields": ["img_src"]}}]',10,1,2);
INSERT INTO django_admin_log VALUES(682,'2021-04-12 06:00:42.251497','13','پولوشرت مردانه وستیتی کد J7','[{"changed": {"name": "tshirt", "object": "Tshirt object (3)", "fields": ["size_this"]}}]',18,1,2);
INSERT INTO django_admin_log VALUES(683,'2021-04-12 06:03:16.415694','48','تی شرت مردانه آر ان اس مدل 1131131-70','[{"changed": {"name": "image", "object": "Image object (123)", "fields": ["img_src"]}}, {"changed": {"name": "image", "object": "Image object (124)", "fields": ["img_src"]}}, {"changed": {"name": "image", "object": "Image object (125)", "fields": ["img_src"]}}]',10,1,2);
INSERT INTO django_admin_log VALUES(684,'2021-04-12 06:03:21.502116','15','تی شرت مردانه آر ان اس مدل 1131131-70','[]',18,1,2);
INSERT INTO django_admin_log VALUES(685,'2021-04-12 06:05:55.008732','47','تی شرت مردانه به رسم طرح پیکان کد 2216','[{"changed": {"name": "image", "object": "Image object (120)", "fields": ["img_src"]}}, {"changed": {"name": "image", "object": "Image object (121)", "fields": ["img_src"]}}, {"changed": {"name": "image", "object": "Image object (122)", "fields": ["img_src"]}}]',10,1,2);
INSERT INTO django_admin_log VALUES(686,'2021-04-12 06:06:06.233958','14','تی شرت مردانه به رسم طرح پیکان کد 2216','[{"changed": {"name": "tshirt", "object": "Tshirt object (4)", "fields": ["size_this"]}}]',18,1,2);
INSERT INTO django_admin_log VALUES(687,'2021-04-12 06:07:42.419699','44','تی شرت مردانه طرح لیورپول کد 7A1','[{"changed": {"name": "image", "object": "Image object (113)", "fields": ["img_src"]}}, {"changed": {"name": "image", "object": "Image object (114)", "fields": ["img_src"]}}]',10,1,2);
INSERT INTO django_admin_log VALUES(688,'2021-04-12 06:08:00.276050','11','تی شرت مردانه طرح لیورپول کد 7A1','[{"changed": {"name": "tshirt", "object": "Tshirt object (1)", "fields": ["size_this"]}}]',18,1,2);
INSERT INTO django_admin_log VALUES(689,'2021-04-12 06:09:19.172450','45','تیشرت مردانه کد 347005314','[{"changed": {"name": "image", "object": "Image object (115)", "fields": ["img_src"]}}, {"changed": {"name": "image", "object": "Image object (116)", "fields": ["img_src"]}}]',10,1,2);
INSERT INTO django_admin_log VALUES(690,'2021-04-12 06:09:22.877028','12','تیشرت مردانه کد 347005314','[]',18,1,2);
INSERT INTO django_admin_log VALUES(691,'2021-04-12 06:14:31.569626','73','تلویزیون ال ای دی ال جی مدل 43LJ52100 سایز 43 اینچ','[{"changed": {"name": "image", "object": "Image object (204)", "fields": ["img_src"]}}, {"changed": {"name": "image", "object": "Image object (205)", "fields": ["img_src"]}}, {"changed": {"name": "image", "object": "Image object (206)", "fields": ["img_src"]}}, {"changed": {"name": "image", "object": "Image object (207)", "fields": ["img_src"]}}]',10,1,2);
INSERT INTO django_admin_log VALUES(692,'2021-04-12 06:14:42.673413','7','تلویزیون ال ای دی ال جی مدل 43LJ52100 سایز 43 اینچ','[]',20,1,2);
INSERT INTO django_admin_log VALUES(693,'2021-04-12 06:19:55.422093','76','تلویزیون ال ای دی ال جی مدل 49UK66000GI سایز 49 اینچ','[{"changed": {"name": "image", "object": "Image object (218)", "fields": ["img_src"]}}, {"changed": {"name": "image", "object": "Image object (219)", "fields": ["img_src"]}}, {"changed": {"name": "image", "object": "Image object (220)", "fields": ["img_src"]}}, {"changed": {"name": "image", "object": "Image object (221)", "fields": ["img_src"]}}, {"changed": {"name": "image", "object": "Image object (222)", "fields": ["img_src"]}}]',10,1,2);
INSERT INTO django_admin_log VALUES(694,'2021-04-12 06:19:59.868050','10','تلویزیون ال ای دی ال جی مدل 49UK66000GI سایز 49 اینچ','[]',20,1,2);
INSERT INTO django_admin_log VALUES(695,'2021-04-12 06:21:38.134096','75','تلویزیون ال ای دی ال جی مدل 49UJ66000GI سایز 49 اینچ','[{"changed": {"name": "image", "object": "Image object (213)", "fields": ["img_src"]}}, {"changed": {"name": "image", "object": "Image object (214)", "fields": ["img_src"]}}, {"changed": {"name": "image", "object": "Image object (215)", "fields": ["img_src"]}}, {"changed": {"name": "image", "object": "Image object (216)", "fields": ["img_src"]}}, {"changed": {"name": "image", "object": "Image object (217)", "fields": ["img_src"]}}]',10,1,2);
INSERT INTO django_admin_log VALUES(696,'2021-04-12 06:21:39.770682','9','تلویزیون ال ای دی ال جی مدل 49UJ66000GI سایز 49 اینچ','[]',20,1,2);
INSERT INTO django_admin_log VALUES(697,'2021-04-12 06:23:41.427700','76','تلویزیون ال ای دی ال جی مدل 49UK66000GI سایز 49 اینچ','[{"changed": {"name": "image", "object": "Image object (218)", "fields": ["img_src"]}}, {"changed": {"name": "image", "object": "Image object (219)", "fields": ["img_src"]}}, {"changed": {"name": "image", "object": "Image object (220)", "fields": ["img_src"]}}, {"changed": {"name": "image", "object": "Image object (221)", "fields": ["img_src"]}}, {"changed": {"name": "image", "object": "Image object (222)", "fields": ["img_src"]}}]',10,1,2);
INSERT INTO django_admin_log VALUES(698,'2021-04-12 06:23:44.789063','10','تلویزیون ال ای دی ال جی مدل 49UK66000GI سایز 49 اینچ','[]',20,1,2);
INSERT INTO django_admin_log VALUES(699,'2021-04-12 06:33:25.970420','74','تلویزیون ال ای دی هوشمند ال جی مدل 43LJ55000 سایز 43 اینچ','[{"changed": {"name": "image", "object": "Image object (208)", "fields": ["img_src"]}}, {"changed": {"name": "image", "object": "Image object (209)", "fields": ["img_src"]}}, {"changed": {"name": "image", "object": "Image object (210)", "fields": ["img_src"]}}, {"changed": {"name": "image", "object": "Image object (211)", "fields": ["img_src"]}}, {"changed": {"name": "image", "object": "Image object (212)", "fields": ["img_src"]}}]',10,1,2);
INSERT INTO django_admin_log VALUES(700,'2021-04-12 06:33:29.361810','8','تلویزیون ال ای دی هوشمند ال جی مدل 43LJ55000 سایز 43 اینچ','[]',20,1,2);
INSERT INTO django_admin_log VALUES(701,'2021-04-12 06:36:22.388219','77','تلویزیون ال ای دی هوشمند ال جی مدل 60SJ85000GI-TA سایز 60 اینچ','[{"changed": {"name": "image", "object": "Image object (223)", "fields": ["img_src"]}}, {"changed": {"name": "image", "object": "Image object (224)", "fields": ["img_src"]}}, {"changed": {"name": "image", "object": "Image object (225)", "fields": ["img_src"]}}, {"changed": {"name": "image", "object": "Image object (226)", "fields": ["img_src"]}}, {"changed": {"name": "image", "object": "Image object (227)", "fields": ["img_src"]}}]',10,1,2);
INSERT INTO django_admin_log VALUES(702,'2021-04-12 06:36:26.855383','11','تلویزیون ال ای دی هوشمند ال جی مدل 60SJ85000GI-TA سایز 60 اینچ','[]',20,1,2);
INSERT INTO django_admin_log VALUES(703,'2021-04-12 06:39:34.056391','81','ماشین لباسشویی ال جی پلاس مدل GWM-K723W ظرفیت 7.5 کیلوگرم','[{"changed": {"name": "image", "object": "Image object (239)", "fields": ["img_src"]}}, {"changed": {"name": "image", "object": "Image object (240)", "fields": ["img_src"]}}, {"changed": {"name": "image", "object": "Image object (241)", "fields": ["img_src"]}}, {"changed": {"name": "image", "object": "Image object (242)", "fields": ["img_src"]}}, {"changed": {"name": "image", "object": "Image object (243)", "fields": ["img_src"]}}]',10,1,2);
INSERT INTO django_admin_log VALUES(704,'2021-04-12 06:39:37.244008','15','ماشین لباسشویی ال جی پلاس مدل GWM-K723W ظرفیت 7.5 کیلوگرم','[]',20,1,2);
INSERT INTO django_admin_log VALUES(705,'2021-04-12 06:42:46.311657','79','ماشین لباسشویی بوش مدل WAW324DE ظرفیت 8 کیلوگرم','[{"changed": {"name": "image", "object": "Image object (232)", "fields": ["img_src"]}}, {"changed": {"name": "image", "object": "Image object (233)", "fields": ["img_src"]}}, {"changed": {"name": "image", "object": "Image object (234)", "fields": ["img_src"]}}]',10,1,2);
INSERT INTO django_admin_log VALUES(706,'2021-04-12 06:42:52.752807','13','ماشین لباسشویی بوش مدل WAW324DE ظرفیت 8 کیلوگرم','[]',20,1,2);
INSERT INTO django_admin_log VALUES(707,'2021-04-12 06:45:10.986955','78','ماشین لباسشویی بوش مدل WAW3256XGC ظرفیت 9 کیلوگرم','[{"changed": {"name": "image", "object": "Image object (228)", "fields": ["img_src"]}}, {"changed": {"name": "image", "object": "Image object (229)", "fields": ["img_src"]}}, {"changed": {"name": "image", "object": "Image object (230)", "fields": ["img_src"]}}]',10,1,2);
INSERT INTO django_admin_log VALUES(708,'2021-04-12 06:45:15.247268','12','ماشین لباسشویی بوش مدل WAW3256XGC ظرفیت 9 کیلوگرم','[]',20,1,2);
INSERT INTO django_admin_log VALUES(709,'2021-04-12 06:47:56.121108','80','ماشین لباسشویی جی پلاس مدل GWM-K945S ظرفیت 9 کیلوگرم','[{"changed": {"name": "image", "object": "Image object (235)", "fields": ["img_src"]}}, {"changed": {"name": "image", "object": "Image object (236)", "fields": ["img_src"]}}, {"changed": {"name": "image", "object": "Image object (237)", "fields": ["img_src"]}}, {"changed": {"name": "image", "object": "Image object (238)", "fields": ["img_src"]}}]',10,1,2);
INSERT INTO django_admin_log VALUES(710,'2021-04-12 06:47:58.984761','14','ماشین لباسشویی جی پلاس مدل GWM-K945S ظرفیت 9 کیلوگرم','[]',20,1,2);
INSERT INTO django_admin_log VALUES(711,'2021-04-12 06:50:59.523737','82','ماشین لباسشویی جی پلاس مدل GWM-KD1048S ظرفیت 10.5 کیلوگرم','[{"changed": {"name": "image", "object": "Image object (244)", "fields": ["img_src"]}}, {"changed": {"name": "image", "object": "Image object (245)", "fields": ["img_src"]}}, {"changed": {"name": "image", "object": "Image object (246)", "fields": ["img_src"]}}, {"changed": {"name": "image", "object": "Image object (247)", "fields": ["img_src"]}}]',10,1,2);
INSERT INTO django_admin_log VALUES(712,'2021-04-12 06:51:02.571224','16','ماشین لباسشویی جی پلاس مدل GWM-KD1048S ظرفیت 10.5 کیلوگرم','[]',20,1,2);
CREATE TABLE IF NOT EXISTS "django_content_type" ("id" integer NOT NULL PRIMARY KEY AUTOINCREMENT, "app_label" varchar(100) NOT NULL, "model" varchar(100) NOT NULL);
INSERT INTO django_content_type VALUES(1,'admin','logentry');
INSERT INTO django_content_type VALUES(2,'auth','permission');
INSERT INTO django_content_type VALUES(3,'auth','group');
INSERT INTO django_content_type VALUES(4,'auth','user');
INSERT INTO django_content_type VALUES(5,'contenttypes','contenttype');
INSERT INTO django_content_type VALUES(6,'sessions','session');
INSERT INTO django_content_type VALUES(7,'app','genre');
INSERT INTO django_content_type VALUES(8,'app','user');
INSERT INTO django_content_type VALUES(9,'app','comment');
INSERT INTO django_content_type VALUES(10,'app','good');
INSERT INTO django_content_type VALUES(11,'app','electronic');
INSERT INTO django_content_type VALUES(12,'app','charger');
INSERT INTO django_content_type VALUES(13,'app','stationery');
INSERT INTO django_content_type VALUES(14,'app','laptop');
INSERT INTO django_content_type VALUES(15,'app','pants');
INSERT INTO django_content_type VALUES(16,'app','sport');
INSERT INTO django_content_type VALUES(17,'app','headset');
INSERT INTO django_content_type VALUES(18,'app','clothes');
INSERT INTO django_content_type VALUES(19,'app','mobile');
INSERT INTO django_content_type VALUES(20,'app','homeappliances');
INSERT INTO django_content_type VALUES(21,'app','tshirt');
INSERT INTO django_content_type VALUES(22,'app','shirt');
INSERT INTO django_content_type VALUES(23,'app','sofa');
INSERT INTO django_content_type VALUES(24,'app','tv');
INSERT INTO django_content_type VALUES(25,'app','pen');
INSERT INTO django_content_type VALUES(26,'app','crayons');
INSERT INTO django_content_type VALUES(27,'app','manto');
INSERT INTO django_content_type VALUES(28,'app','treadmill');
INSERT INTO django_content_type VALUES(29,'app','notebook');
INSERT INTO django_content_type VALUES(30,'app','washing_machine');
INSERT INTO django_content_type VALUES(31,'app','blouse');
INSERT INTO django_content_type VALUES(32,'app','ball');
INSERT INTO django_content_type VALUES(33,'app','refrigerator');
INSERT INTO django_content_type VALUES(34,'app','bicycle');
INSERT INTO django_content_type VALUES(35,'app','eraser');
INSERT INTO django_content_type VALUES(36,'app','admin');
INSERT INTO django_content_type VALUES(37,'app','image');
INSERT INTO django_content_type VALUES(38,'app','size');
INSERT INTO django_content_type VALUES(39,'app','color');
INSERT INTO django_content_type VALUES(40,'app','cart');
INSERT INTO django_content_type VALUES(41,'app','interesting');
INSERT INTO django_content_type VALUES(42,'app','products_id');
INSERT INTO django_content_type VALUES(43,'app','profile');
INSERT INTO django_content_type VALUES(44,'app','location');
INSERT INTO django_content_type VALUES(45,'app','user_img');
INSERT INTO django_content_type VALUES(46,'app','discount_code');
CREATE TABLE IF NOT EXISTS "auth_permission" ("id" integer NOT NULL PRIMARY KEY AUTOINCREMENT, "content_type_id" integer NOT NULL REFERENCES "django_content_type" ("id") DEFERRABLE INITIALLY DEFERRED, "codename" varchar(100) NOT NULL, "name" varchar(255) NOT NULL);
INSERT INTO auth_permission VALUES(1,1,'add_logentry','Can add log entry');
INSERT INTO auth_permission VALUES(2,1,'change_logentry','Can change log entry');
INSERT INTO auth_permission VALUES(3,1,'delete_logentry','Can delete log entry');
INSERT INTO auth_permission VALUES(4,1,'view_logentry','Can view log entry');
INSERT INTO auth_permission VALUES(5,2,'add_permission','Can add permission');
INSERT INTO auth_permission VALUES(6,2,'change_permission','Can change permission');
INSERT INTO auth_permission VALUES(7,2,'delete_permission','Can delete permission');
INSERT INTO auth_permission VALUES(8,2,'view_permission','Can view permission');
INSERT INTO auth_permission VALUES(9,3,'add_group','Can add group');
INSERT INTO auth_permission VALUES(10,3,'change_group','Can change group');
INSERT INTO auth_permission VALUES(11,3,'delete_group','Can delete group');
INSERT INTO auth_permission VALUES(12,3,'view_group','Can view group');
INSERT INTO auth_permission VALUES(13,4,'add_user','Can add user');
INSERT INTO auth_permission VALUES(14,4,'change_user','Can change user');
INSERT INTO auth_permission VALUES(15,4,'delete_user','Can delete user');
INSERT INTO auth_permission VALUES(16,4,'view_user','Can view user');
INSERT INTO auth_permission VALUES(17,5,'add_contenttype','Can add content type');
INSERT INTO auth_permission VALUES(18,5,'change_contenttype','Can change content type');
INSERT INTO auth_permission VALUES(19,5,'delete_contenttype','Can delete content type');
INSERT INTO auth_permission VALUES(20,5,'view_contenttype','Can view content type');
INSERT INTO auth_permission VALUES(21,6,'add_session','Can add session');
INSERT INTO auth_permission VALUES(22,6,'change_session','Can change session');
INSERT INTO auth_permission VALUES(23,6,'delete_session','Can delete session');
INSERT INTO auth_permission VALUES(24,6,'view_session','Can view session');
INSERT INTO auth_permission VALUES(25,7,'add_genre','Can add genre');
INSERT INTO auth_permission VALUES(26,7,'change_genre','Can change genre');
INSERT INTO auth_permission VALUES(27,7,'delete_genre','Can delete genre');
INSERT INTO auth_permission VALUES(28,7,'view_genre','Can view genre');
INSERT INTO auth_permission VALUES(29,8,'add_user','Can add user');
INSERT INTO auth_permission VALUES(30,8,'change_user','Can change user');
INSERT INTO auth_permission VALUES(31,8,'delete_user','Can delete user');
INSERT INTO auth_permission VALUES(32,8,'view_user','Can view user');
INSERT INTO auth_permission VALUES(33,9,'add_comment','Can add comment');
INSERT INTO auth_permission VALUES(34,9,'change_comment','Can change comment');
INSERT INTO auth_permission VALUES(35,9,'delete_comment','Can delete comment');
INSERT INTO auth_permission VALUES(36,9,'view_comment','Can view comment');
INSERT INTO auth_permission VALUES(37,10,'add_good','Can add good');
INSERT INTO auth_permission VALUES(38,10,'change_good','Can change good');
INSERT INTO auth_permission VALUES(39,10,'delete_good','Can delete good');
INSERT INTO auth_permission VALUES(40,10,'view_good','Can view good');
INSERT INTO auth_permission VALUES(41,11,'add_electronic','Can add electronic');
INSERT INTO auth_permission VALUES(42,11,'change_electronic','Can change electronic');
INSERT INTO auth_permission VALUES(43,11,'delete_electronic','Can delete electronic');
INSERT INTO auth_permission VALUES(44,11,'view_electronic','Can view electronic');
INSERT INTO auth_permission VALUES(45,12,'add_charger','Can add charger');
INSERT INTO auth_permission VALUES(46,12,'change_charger','Can change charger');
INSERT INTO auth_permission VALUES(47,12,'delete_charger','Can delete charger');
INSERT INTO auth_permission VALUES(48,12,'view_charger','Can view charger');
INSERT INTO auth_permission VALUES(49,13,'add_stationery','Can add stationery');
INSERT INTO auth_permission VALUES(50,13,'change_stationery','Can change stationery');
INSERT INTO auth_permission VALUES(51,13,'delete_stationery','Can delete stationery');
INSERT INTO auth_permission VALUES(52,13,'view_stationery','Can view stationery');
INSERT INTO auth_permission VALUES(53,14,'add_laptop','Can add lap top');
INSERT INTO auth_permission VALUES(54,14,'change_laptop','Can change lap top');
INSERT INTO auth_permission VALUES(55,14,'delete_laptop','Can delete lap top');
INSERT INTO auth_permission VALUES(56,14,'view_laptop','Can view lap top');
INSERT INTO auth_permission VALUES(57,15,'add_pants','Can add pants');
INSERT INTO auth_permission VALUES(58,15,'change_pants','Can change pants');
INSERT INTO auth_permission VALUES(59,15,'delete_pants','Can delete pants');
INSERT INTO auth_permission VALUES(60,15,'view_pants','Can view pants');
INSERT INTO auth_permission VALUES(61,16,'add_sport','Can add sport');
INSERT INTO auth_permission VALUES(62,16,'change_sport','Can change sport');
INSERT INTO auth_permission VALUES(63,16,'delete_sport','Can delete sport');
INSERT INTO auth_permission VALUES(64,16,'view_sport','Can view sport');
INSERT INTO auth_permission VALUES(65,17,'add_headset','Can add headset');
INSERT INTO auth_permission VALUES(66,17,'change_headset','Can change headset');
INSERT INTO auth_permission VALUES(67,17,'delete_headset','Can delete headset');
INSERT INTO auth_permission VALUES(68,17,'view_headset','Can view headset');
INSERT INTO auth_permission VALUES(69,18,'add_clothes','Can add clothes');
INSERT INTO auth_permission VALUES(70,18,'change_clothes','Can change clothes');
INSERT INTO auth_permission VALUES(71,18,'delete_clothes','Can delete clothes');
INSERT INTO auth_permission VALUES(72,18,'view_clothes','Can view clothes');
INSERT INTO auth_permission VALUES(73,19,'add_mobile','Can add mobile');
INSERT INTO auth_permission VALUES(74,19,'change_mobile','Can change mobile');
INSERT INTO auth_permission VALUES(75,19,'delete_mobile','Can delete mobile');
INSERT INTO auth_permission VALUES(76,19,'view_mobile','Can view mobile');
INSERT INTO auth_permission VALUES(77,20,'add_homeappliances','Can add home appliances');
INSERT INTO auth_permission VALUES(78,20,'change_homeappliances','Can change home appliances');
INSERT INTO auth_permission VALUES(79,20,'delete_homeappliances','Can delete home appliances');
INSERT INTO auth_permission VALUES(80,20,'view_homeappliances','Can view home appliances');
INSERT INTO auth_permission VALUES(81,21,'add_tshirt','Can add tshirt');
INSERT INTO auth_permission VALUES(82,21,'change_tshirt','Can change tshirt');
INSERT INTO auth_permission VALUES(83,21,'delete_tshirt','Can delete tshirt');
INSERT INTO auth_permission VALUES(84,21,'view_tshirt','Can view tshirt');
INSERT INTO auth_permission VALUES(85,22,'add_shirt','Can add shirt');
INSERT INTO auth_permission VALUES(86,22,'change_shirt','Can change shirt');
INSERT INTO auth_permission VALUES(87,22,'delete_shirt','Can delete shirt');
INSERT INTO auth_permission VALUES(88,22,'view_shirt','Can view shirt');
INSERT INTO auth_permission VALUES(89,23,'add_sofa','Can add sofa');
INSERT INTO auth_permission VALUES(90,23,'change_sofa','Can change sofa');
INSERT INTO auth_permission VALUES(91,23,'delete_sofa','Can delete sofa');
INSERT INTO auth_permission VALUES(92,23,'view_sofa','Can view sofa');
INSERT INTO auth_permission VALUES(93,24,'add_tv','Can add tv');
INSERT INTO auth_permission VALUES(94,24,'change_tv','Can change tv');
INSERT INTO auth_permission VALUES(95,24,'delete_tv','Can delete tv');
INSERT INTO auth_permission VALUES(96,24,'view_tv','Can view tv');
INSERT INTO auth_permission VALUES(97,25,'add_pen','Can add pen');
INSERT INTO auth_permission VALUES(98,25,'change_pen','Can change pen');
INSERT INTO auth_permission VALUES(99,25,'delete_pen','Can delete pen');
INSERT INTO auth_permission VALUES(100,25,'view_pen','Can view pen');
INSERT INTO auth_permission VALUES(101,26,'add_crayons','Can add crayons');
INSERT INTO auth_permission VALUES(102,26,'change_crayons','Can change crayons');
INSERT INTO auth_permission VALUES(103,26,'delete_crayons','Can delete crayons');
INSERT INTO auth_permission VALUES(104,26,'view_crayons','Can view crayons');
INSERT INTO auth_permission VALUES(105,27,'add_manto','Can add manto');
INSERT INTO auth_permission VALUES(106,27,'change_manto','Can change manto');
INSERT INTO auth_permission VALUES(107,27,'delete_manto','Can delete manto');
INSERT INTO auth_permission VALUES(108,27,'view_manto','Can view manto');
INSERT INTO auth_permission VALUES(109,28,'add_treadmill','Can add treadmill');
INSERT INTO auth_permission VALUES(110,28,'change_treadmill','Can change treadmill');
INSERT INTO auth_permission VALUES(111,28,'delete_treadmill','Can delete treadmill');
INSERT INTO auth_permission VALUES(112,28,'view_treadmill','Can view treadmill');
INSERT INTO auth_permission VALUES(113,29,'add_notebook','Can add note book');
INSERT INTO auth_permission VALUES(114,29,'change_notebook','Can change note book');
INSERT INTO auth_permission VALUES(115,29,'delete_notebook','Can delete note book');
INSERT INTO auth_permission VALUES(116,29,'view_notebook','Can view note book');
INSERT INTO auth_permission VALUES(117,30,'add_washing_machine','Can add washing_machine');
INSERT INTO auth_permission VALUES(118,30,'change_washing_machine','Can change washing_machine');
INSERT INTO auth_permission VALUES(119,30,'delete_washing_machine','Can delete washing_machine');
INSERT INTO auth_permission VALUES(120,30,'view_washing_machine','Can view washing_machine');
INSERT INTO auth_permission VALUES(121,31,'add_blouse','Can add blouse');
INSERT INTO auth_permission VALUES(122,31,'change_blouse','Can change blouse');
INSERT INTO auth_permission VALUES(123,31,'delete_blouse','Can delete blouse');
INSERT INTO auth_permission VALUES(124,31,'view_blouse','Can view blouse');
INSERT INTO auth_permission VALUES(125,32,'add_ball','Can add ball');
INSERT INTO auth_permission VALUES(126,32,'change_ball','Can change ball');
INSERT INTO auth_permission VALUES(127,32,'delete_ball','Can delete ball');
INSERT INTO auth_permission VALUES(128,32,'view_ball','Can view ball');
INSERT INTO auth_permission VALUES(129,33,'add_refrigerator','Can add refrigerator');
INSERT INTO auth_permission VALUES(130,33,'change_refrigerator','Can change refrigerator');
INSERT INTO auth_permission VALUES(131,33,'delete_refrigerator','Can delete refrigerator');
INSERT INTO auth_permission VALUES(132,33,'view_refrigerator','Can view refrigerator');
INSERT INTO auth_permission VALUES(133,34,'add_bicycle','Can add bicycle');
INSERT INTO auth_permission VALUES(134,34,'change_bicycle','Can change bicycle');
INSERT INTO auth_permission VALUES(135,34,'delete_bicycle','Can delete bicycle');
INSERT INTO auth_permission VALUES(136,34,'view_bicycle','Can view bicycle');
INSERT INTO auth_permission VALUES(137,35,'add_eraser','Can add eraser');
INSERT INTO auth_permission VALUES(138,35,'change_eraser','Can change eraser');
INSERT INTO auth_permission VALUES(139,35,'delete_eraser','Can delete eraser');
INSERT INTO auth_permission VALUES(140,35,'view_eraser','Can view eraser');
INSERT INTO auth_permission VALUES(141,36,'add_admin','Can add admin');
INSERT INTO auth_permission VALUES(142,36,'change_admin','Can change admin');
INSERT INTO auth_permission VALUES(143,36,'delete_admin','Can delete admin');
INSERT INTO auth_permission VALUES(144,36,'view_admin','Can view admin');
INSERT INTO auth_permission VALUES(145,37,'add_image','Can add image');
INSERT INTO auth_permission VALUES(146,37,'change_image','Can change image');
INSERT INTO auth_permission VALUES(147,37,'delete_image','Can delete image');
INSERT INTO auth_permission VALUES(148,37,'view_image','Can view image');
INSERT INTO auth_permission VALUES(149,38,'add_size','Can add size');
INSERT INTO auth_permission VALUES(150,38,'change_size','Can change size');
INSERT INTO auth_permission VALUES(151,38,'delete_size','Can delete size');
INSERT INTO auth_permission VALUES(152,38,'view_size','Can view size');
INSERT INTO auth_permission VALUES(153,39,'add_color','Can add color');
INSERT INTO auth_permission VALUES(154,39,'change_color','Can change color');
INSERT INTO auth_permission VALUES(155,39,'delete_color','Can delete color');
INSERT INTO auth_permission VALUES(156,39,'view_color','Can view color');
INSERT INTO auth_permission VALUES(157,40,'add_cart','Can add cart');
INSERT INTO auth_permission VALUES(158,40,'change_cart','Can change cart');
INSERT INTO auth_permission VALUES(159,40,'delete_cart','Can delete cart');
INSERT INTO auth_permission VALUES(160,40,'view_cart','Can view cart');
INSERT INTO auth_permission VALUES(161,41,'add_interesting','Can add interesting');
INSERT INTO auth_permission VALUES(162,41,'change_interesting','Can change interesting');
INSERT INTO auth_permission VALUES(163,41,'delete_interesting','Can delete interesting');
INSERT INTO auth_permission VALUES(164,41,'view_interesting','Can view interesting');
INSERT INTO auth_permission VALUES(165,42,'add_products_id','Can add products_id');
INSERT INTO auth_permission VALUES(166,42,'change_products_id','Can change products_id');
INSERT INTO auth_permission VALUES(167,42,'delete_products_id','Can delete products_id');
INSERT INTO auth_permission VALUES(168,42,'view_products_id','Can view products_id');
INSERT INTO auth_permission VALUES(169,43,'add_profile','Can add profile');
INSERT INTO auth_permission VALUES(170,43,'change_profile','Can change profile');
INSERT INTO auth_permission VALUES(171,43,'delete_profile','Can delete profile');
INSERT INTO auth_permission VALUES(172,43,'view_profile','Can view profile');
INSERT INTO auth_permission VALUES(173,44,'add_location','Can add location');
INSERT INTO auth_permission VALUES(174,44,'change_location','Can change location');
INSERT INTO auth_permission VALUES(175,44,'delete_location','Can delete location');
INSERT INTO auth_permission VALUES(176,44,'view_location','Can view location');
INSERT INTO auth_permission VALUES(177,45,'add_user_img','Can add user_img');
INSERT INTO auth_permission VALUES(178,45,'change_user_img','Can change user_img');
INSERT INTO auth_permission VALUES(179,45,'delete_user_img','Can delete user_img');
INSERT INTO auth_permission VALUES(180,45,'view_user_img','Can view user_img');
INSERT INTO auth_permission VALUES(181,46,'add_discount_code','Can add discount_code');
INSERT INTO auth_permission VALUES(182,46,'change_discount_code','Can change discount_code');
INSERT INTO auth_permission VALUES(183,46,'delete_discount_code','Can delete discount_code');
INSERT INTO auth_permission VALUES(184,46,'view_discount_code','Can view discount_code');
CREATE TABLE IF NOT EXISTS "auth_user" ("id" integer NOT NULL PRIMARY KEY AUTOINCREMENT, "password" varchar(128) NOT NULL, "last_login" datetime NULL, "is_superuser" bool NOT NULL, "username" varchar(150) NOT NULL UNIQUE, "first_name" varchar(30) NOT NULL, "email" varchar(254) NOT NULL, "is_staff" bool NOT NULL, "is_active" bool NOT NULL, "date_joined" datetime NOT NULL, "last_name" varchar(150) NOT NULL);
INSERT INTO auth_user VALUES(1,'pbkdf2_sha256$150000$cNliYnycunOQ$xZ8B4N6FHV9WQaRsWBN3yJFqYu4QMmGUxkIOWAlaLx8=','2021-04-11 07:37:16.647614',1,'amin','','',1,1,'2020-09-30 08:43:57.077728','');
INSERT INTO auth_user VALUES(63,'pbkdf2_sha256$150000$i16PzHLXoHLA$fhoHGQWPHmDrelzLJFbhePZQZzmFFMbbjb0e/BMxelQ=','2020-10-26 08:47:17.868811',0,'amin79','امین','',0,1,'2020-10-13 09:14:33.194469','شایان اصل');
INSERT INTO auth_user VALUES(64,'pbkdf2_sha256$150000$b04pJZp1cLYu$ZKTmr40pX8rU2iPM5up2UzOR11ejhU8TbH15Q+trcfE=','2020-10-25 10:12:29.683711',0,'amin0427','امین','',0,1,'2020-10-22 10:49:10.433731','شایان');
INSERT INTO auth_user VALUES(65,'pbkdf2_sha256$150000$2M68GTEIaYLE$8AefYu8ApaKr9xdQ0J5GY2PjJ4wbMEDrgjlfb5iUe7w=','2021-03-09 06:08:04.266783',0,'amin1234','امین','',0,1,'2021-03-09 06:06:59.957138','شایان');
INSERT INTO auth_user VALUES(66,'pbkdf2_sha256$150000$ZkOSxcersQ0D$ezQFoo5fnQz9BaShTI+qdoT5nT1a6XZZQ5KxbbwXCRY=','2021-03-09 06:10:39.223716',0,'amin123456789amin123456789amin123456789amin123456789','امین','',0,1,'2021-03-09 06:09:57.934443','شایان');
INSERT INTO auth_user VALUES(67,'pbkdf2_sha256$150000$sSTKsAWJdUSr$WlDb669Q+fz3mZHwd0CA1LkpCBNB1CMrGueG0ZQi17E=',NULL,0,'amin2000','امین','',0,1,'2021-03-14 12:42:10.675199','شایان');
INSERT INTO auth_user VALUES(68,'pbkdf2_sha256$150000$291mKsPtbvj2$ALx1VbOPO5plFkkhcRSyYee7BB90U4eCOWIk85cf5rk=','2021-03-20 06:21:34.388601',0,'shayan79','امین','',0,1,'2021-03-14 12:48:32.510958','شایان');
INSERT INTO auth_user VALUES(69,'pbkdf2_sha256$150000$7Jw7gNa9ZF9R$HE4rufWWyBXBaHglQw8+rJs5HjwIJHUOPKXqIWTudzk=','2021-04-13 07:41:35.078549',0,'am1379','امین','',0,1,'2021-04-13 07:41:04.673164','شایان اصل');
CREATE TABLE IF NOT EXISTS "auth_group" ("id" integer NOT NULL PRIMARY KEY AUTOINCREMENT, "name" varchar(150) NOT NULL UNIQUE);
CREATE TABLE IF NOT EXISTS "django_session" ("session_key" varchar(40) NOT NULL PRIMARY KEY, "session_data" text NOT NULL, "expire_date" datetime NOT NULL);
INSERT INTO django_session VALUES('mtincy5hxcdbxrfb9cdnk9joq8u0xhbf','OTg3Yjk1N2E4NmY3YzIyMTA4NmNlY2Q1MGExZGJjZjZjYmQyYWY4Nzp7fQ==','2020-10-22 16:13:17.898934');
INSERT INTO django_session VALUES('zasomroij032tr3ae3exu8d2r7fqiq17','OTg3Yjk1N2E4NmY3YzIyMTA4NmNlY2Q1MGExZGJjZjZjYmQyYWY4Nzp7fQ==','2020-10-22 18:51:54.805484');
INSERT INTO django_session VALUES('215asdggqun0er67nebbj8iw49s1mn3d','OTg3Yjk1N2E4NmY3YzIyMTA4NmNlY2Q1MGExZGJjZjZjYmQyYWY4Nzp7fQ==','2020-10-22 18:56:14.208984');
INSERT INTO django_session VALUES('2gjgnm2cwcxn7lut96utphk2ivsv34fm','OTg3Yjk1N2E4NmY3YzIyMTA4NmNlY2Q1MGExZGJjZjZjYmQyYWY4Nzp7fQ==','2020-10-27 12:51:23.917164');
INSERT INTO django_session VALUES('14n2qt6yp39jdzg4ni20kyx3cqevcl2m','ZmU0ZDBiMzBkOWQ2YWUwY2MxZDcwNTcyNWM3Zjk0ZDcxNGRjMTA3ZTp7Il9hdXRoX3VzZXJfaWQiOiI2NCIsIl9hdXRoX3VzZXJfYmFja2VuZCI6ImRqYW5nby5jb250cmliLmF1dGguYmFja2VuZHMuTW9kZWxCYWNrZW5kIiwiX2F1dGhfdXNlcl9oYXNoIjoiNzU3YmU2Yjc3Yjk2ODYzMDU2ODA3YzBmYWJmMTRhYjlmMTQ2MWVhYiJ9','2020-11-08 09:21:43.109863');
INSERT INTO django_session VALUES('zz9mb6utfgwcar7bh0abje3b7bh6nmpi','MWI3ZmVhMzc3ZWYzZDY3YTg1NGViYzljMDg2NDExNWY1ZTBjMGQ5OTp7Il9hdXRoX3VzZXJfaWQiOiIxIiwiX2F1dGhfdXNlcl9iYWNrZW5kIjoiZGphbmdvLmNvbnRyaWIuYXV0aC5iYWNrZW5kcy5Nb2RlbEJhY2tlbmQiLCJfYXV0aF91c2VyX2hhc2giOiI1ZTg3ZThmODVhNmFhYzkzNjQwNWRkMDA2NDE0NDRhNWU0MjM5NDZiIn0=','2020-11-09 08:52:19.128634');
INSERT INTO django_session VALUES('73iqquossoo1lsprb7oanbx9md9fhb1a','MGMzZGM0MjAyYmIyN2U5NTYyZmJhM2UwZGNjYWFlNzg0ZmM4ZTA4NDp7Il9hdXRoX3VzZXJfaWQiOiI2OCIsIl9hdXRoX3VzZXJfYmFja2VuZCI6ImRqYW5nby5jb250cmliLmF1dGguYmFja2VuZHMuTW9kZWxCYWNrZW5kIiwiX2F1dGhfdXNlcl9oYXNoIjoiYmU3NjMzNTVlZTcxN2RhYmU5YzE5MmZhOGNmM2MwNmM5MjY3NTQ0NSJ9','2021-04-03 06:21:34.491833');
INSERT INTO django_session VALUES('jobcjlaukwqqpv2i35knaqaaczcfb5m6','MWI3ZmVhMzc3ZWYzZDY3YTg1NGViYzljMDg2NDExNWY1ZTBjMGQ5OTp7Il9hdXRoX3VzZXJfaWQiOiIxIiwiX2F1dGhfdXNlcl9iYWNrZW5kIjoiZGphbmdvLmNvbnRyaWIuYXV0aC5iYWNrZW5kcy5Nb2RlbEJhY2tlbmQiLCJfYXV0aF91c2VyX2hhc2giOiI1ZTg3ZThmODVhNmFhYzkzNjQwNWRkMDA2NDE0NDRhNWU0MjM5NDZiIn0=','2021-04-24 09:34:56.195067');
INSERT INTO django_session VALUES('bfeb5z4ejkm50jzy8wvauanrowh7ue4n','MTQyOTc1YmUxMmExNTgzOTJkZWNjODE1MDU5ZTE1ODEyYjI2MDE0ZTp7Il9hdXRoX3VzZXJfaWQiOiI2OSIsIl9hdXRoX3VzZXJfYmFja2VuZCI6ImRqYW5nby5jb250cmliLmF1dGguYmFja2VuZHMuTW9kZWxCYWNrZW5kIiwiX2F1dGhfdXNlcl9oYXNoIjoiMTM5NDU4Njk5MjUyYzM0YTg1YzE3Zjk3Y2RiMTU0YTk1OWM1MzgyNiJ9','2021-04-27 07:41:35.263473');
CREATE TABLE IF NOT EXISTS "app_user" ("id" integer NOT NULL PRIMARY KEY AUTOINCREMENT, "fname" varchar(40) NOT NULL, "lname" varchar(50) NOT NULL, "user_name" varchar(80) NOT NULL UNIQUE, "user_address" varchar(200) NOT NULL, "password" varchar(16) NOT NULL);
CREATE TABLE IF NOT EXISTS "app_manto" ("id" integer NOT NULL PRIMARY KEY AUTOINCREMENT, "how_close" varchar(30) NOT NULL, "belt" varchar(20) NOT NULL, "clothes_id" integer NOT NULL UNIQUE REFERENCES "app_clothes" ("id") DEFERRABLE INITIALLY DEFERRED);
INSERT INTO app_manto VALUES(1,'جلو بسته','بدون کمربند',21);
INSERT INTO app_manto VALUES(2,'قزن','بدون کمربند',22);
INSERT INTO app_manto VALUES(3,'دکمه','با کمربند',23);
INSERT INTO app_manto VALUES(4,'جلو باز','با کمربند',24);
INSERT INTO app_manto VALUES(5,'دکمه','با کمربند',25);
CREATE TABLE IF NOT EXISTS "app_pants" ("id" integer NOT NULL PRIMARY KEY AUTOINCREMENT, "model" varchar(20) NOT NULL, "clothes_id" integer NOT NULL UNIQUE REFERENCES "app_clothes" ("id") DEFERRABLE INITIALLY DEFERRED);
INSERT INTO app_pants VALUES(4,'جذب',16);
INSERT INTO app_pants VALUES(5,'جذب',17);
INSERT INTO app_pants VALUES(6,'راسته',18);
INSERT INTO app_pants VALUES(7,'جذب',19);
INSERT INTO app_pants VALUES(8,'راسته',20);
INSERT INTO app_pants VALUES(9,'جذب',31);
INSERT INTO app_pants VALUES(10,'راسته',32);
INSERT INTO app_pants VALUES(11,'راسته',33);
INSERT INTO app_pants VALUES(12,'راسته',34);
INSERT INTO app_pants VALUES(13,'خمره ای',35);
CREATE TABLE IF NOT EXISTS "app_ball" ("id" integer NOT NULL PRIMARY KEY AUTOINCREMENT, "size" integer NOT NULL, "weight" integer NOT NULL, "sport_id" integer NOT NULL UNIQUE REFERENCES "app_sport" ("id") DEFERRABLE INITIALLY DEFERRED);
INSERT INTO app_ball VALUES(3,5,400,3);
INSERT INTO app_ball VALUES(4,5,270,4);
INSERT INTO app_ball VALUES(5,5,440,15);
INSERT INTO app_ball VALUES(6,7,588,16);
INSERT INTO app_ball VALUES(7,7,600,17);
CREATE TABLE IF NOT EXISTS "app_blouse" ("id" integer NOT NULL PRIMARY KEY AUTOINCREMENT, "collar" varchar(20) NOT NULL, "clothes_id" integer NOT NULL UNIQUE REFERENCES "app_clothes" ("id") DEFERRABLE INITIALLY DEFERRED);
INSERT INTO app_blouse VALUES(1,'هفت',26);
INSERT INTO app_blouse VALUES(2,'باز',27);
INSERT INTO app_blouse VALUES(3,'ایستاده',28);
INSERT INTO app_blouse VALUES(4,'ایستاده',29);
INSERT INTO app_blouse VALUES(5,'باز',30);
CREATE TABLE IF NOT EXISTS "app_crayons" ("id" integer NOT NULL PRIMARY KEY AUTOINCREMENT, "num" integer NOT NULL, "stationery_id" integer NOT NULL UNIQUE REFERENCES "app_stationery" ("id") DEFERRABLE INITIALLY DEFERRED);
INSERT INTO app_crayons VALUES(1,12,11);
INSERT INTO app_crayons VALUES(2,24,12);
INSERT INTO app_crayons VALUES(3,24,13);
INSERT INTO app_crayons VALUES(4,12,14);
INSERT INTO app_crayons VALUES(5,60,15);
CREATE TABLE IF NOT EXISTS "app_eraser" ("id" integer NOT NULL PRIMARY KEY AUTOINCREMENT, "weight" integer NOT NULL, "stationery_id" integer NOT NULL UNIQUE REFERENCES "app_stationery" ("id") DEFERRABLE INITIALLY DEFERRED);
INSERT INTO app_eraser VALUES(1,7,16);
INSERT INTO app_eraser VALUES(2,25,17);
INSERT INTO app_eraser VALUES(3,10,18);
INSERT INTO app_eraser VALUES(4,6,19);
INSERT INTO app_eraser VALUES(5,8,20);
CREATE TABLE IF NOT EXISTS "app_notebook" ("id" integer NOT NULL PRIMARY KEY AUTOINCREMENT, "num_pages" integer NOT NULL, "stationery_id" integer NOT NULL UNIQUE REFERENCES "app_stationery" ("id") DEFERRABLE INITIALLY DEFERRED);
INSERT INTO app_notebook VALUES(1,100,2);
INSERT INTO app_notebook VALUES(2,50,3);
INSERT INTO app_notebook VALUES(3,40,4);
INSERT INTO app_notebook VALUES(4,100,5);
INSERT INTO app_notebook VALUES(5,200,6);
CREATE TABLE IF NOT EXISTS "app_sofa" ("id" integer NOT NULL PRIMARY KEY AUTOINCREMENT, "bodyMaterial" varchar(20) NOT NULL, "coverMaterial" varchar(20) NOT NULL, "homeAppliances_id" integer NOT NULL UNIQUE REFERENCES "app_homeappliances" ("id") DEFERRABLE INITIALLY DEFERRED);
INSERT INTO app_sofa VALUES(1,'چوب','پارچه',17);
INSERT INTO app_sofa VALUES(2,'چوب','پارچه',18);
INSERT INTO app_sofa VALUES(3,'چوب','پارچه',19);
INSERT INTO app_sofa VALUES(4,'چوب','پارچه',20);
INSERT INTO app_sofa VALUES(5,'فلز','چرم',21);
CREATE TABLE IF NOT EXISTS "app_comment" ("id" integer NOT NULL PRIMARY KEY AUTOINCREMENT, "text" text NOT NULL, "name" varchar(30) NOT NULL, "date" datetime NOT NULL, "good_id" integer NOT NULL REFERENCES "app_good" ("id") DEFERRABLE INITIALLY DEFERRED);
INSERT INTO app_comment VALUES(1,'خیلی قشنگ و شیکه . جنس پارچه عالی','امین شایان اصل','2020-10-24 14:17:18.072972',54);
INSERT INTO app_comment VALUES(7,'خرید این محصول را به سایرین حتماً پیشنهاد می کنم. تن خورش شیکه خیلی قشنگ و شیکه . جنس پارچه عالی خیلی قشنگ و شیکه .','امین شایان','2020-10-24 14:49:55.097016',54);
INSERT INTO app_comment VALUES(8,replace(replace('کیفیتش نسبت به قیمتش عالیه\r\n','\r',char(13)),'\n',char(10)),'امین شایان','2021-03-15 08:48:22.335341',121);
INSERT INTO app_comment VALUES(9,replace(replace('کیفیتش نسبت به قیمتش عالیه\r\n','\r',char(13)),'\n',char(10)),'امین شایان','2021-03-15 08:50:55.450893',121);
INSERT INTO app_comment VALUES(10,replace(replace('کیفیتش نسبت به قیمتش عالیه\r\n','\r',char(13)),'\n',char(10)),'امین شایان','2021-03-15 08:51:17.822763',121);
INSERT INTO app_comment VALUES(11,replace(replace('کیفیتش نسبت به قیمتش عالیه\r\n','\r',char(13)),'\n',char(10)),'امین شایان','2021-03-15 08:51:32.840305',121);
INSERT INTO app_comment VALUES(12,replace(replace('کیفیتش نسبت به قیمتش عالیه\r\n','\r',char(13)),'\n',char(10)),'امین شایان','2021-03-15 08:51:44.987000',121);
INSERT INTO app_comment VALUES(13,replace(replace('کیفیتش نسبت به قیمتش عالیه\r\n','\r',char(13)),'\n',char(10)),'امین شایان','2021-03-15 08:52:29.484891',121);
INSERT INTO app_comment VALUES(14,replace(replace('کیفیتش نسبت به قیمتش عالیه\r\n','\r',char(13)),'\n',char(10)),'امین شایان','2021-03-15 08:52:35.099010',121);
INSERT INTO app_comment VALUES(15,replace(replace('کیفیتش نسبت به قیمتش عالیه\r\n','\r',char(13)),'\n',char(10)),'امین شایان','2021-03-15 08:52:46.419678',121);
INSERT INTO app_comment VALUES(16,replace(replace('کیفیتش نسبت به قیمتش عالیه\r\n','\r',char(13)),'\n',char(10)),'امین شایان','2021-03-15 08:53:50.287839',121);
INSERT INTO app_comment VALUES(17,replace(replace('کیفیتش نسبت به قیمتش عالیه\r\n','\r',char(13)),'\n',char(10)),'امین شایان','2021-03-15 08:54:02.852080',121);
INSERT INTO app_comment VALUES(18,replace(replace('کیفیتش نسبت به قیمتش عالیه\r\n','\r',char(13)),'\n',char(10)),'امین شایان','2021-03-15 08:54:11.109982',121);
INSERT INTO app_comment VALUES(19,replace(replace('کیفیتش نسبت به قیمتش عالیه\r\n','\r',char(13)),'\n',char(10)),'امین شایان','2021-03-15 08:54:17.786852',121);
INSERT INTO app_comment VALUES(20,replace(replace('کیفیتش نسبت به قیمتش عالیه\r\n','\r',char(13)),'\n',char(10)),'امین شایان','2021-03-15 08:54:25.329420',121);
INSERT INTO app_comment VALUES(21,replace(replace('کیفیتش نسبت به قیمتش عالیه\r\n','\r',char(13)),'\n',char(10)),'امین شایان','2021-03-15 08:54:45.280388',121);
INSERT INTO app_comment VALUES(22,replace(replace('کیفیتش نسبت به قیمتش عالیه\r\n','\r',char(13)),'\n',char(10)),'امین شایان','2021-03-15 08:55:01.247363',121);
INSERT INTO app_comment VALUES(23,replace(replace('کیفیتش نسبت به قیمتش عالیه\r\n','\r',char(13)),'\n',char(10)),'امین شایان','2021-03-15 08:55:11.518671',121);
INSERT INTO app_comment VALUES(24,replace(replace('کیفیتش نسبت به قیمتش عالیه\r\n','\r',char(13)),'\n',char(10)),'امین شایان','2021-03-15 08:55:13.169760',121);
INSERT INTO app_comment VALUES(25,replace(replace('کیفیتش نسبت به قیمتش عالیه\r\n','\r',char(13)),'\n',char(10)),'امین شایان','2021-03-15 08:55:16.871987',121);
INSERT INTO app_comment VALUES(26,replace(replace('کیفیتش نسبت به قیمتش عالیه\r\n','\r',char(13)),'\n',char(10)),'امین شایان','2021-03-15 08:55:46.118878',121);
INSERT INTO app_comment VALUES(27,replace(replace('کیفیتش نسبت به قیمتش عالیه\r\n','\r',char(13)),'\n',char(10)),'امین شایان','2021-03-15 08:56:00.673806',121);
INSERT INTO app_comment VALUES(28,replace(replace('کیفیتش نسبت به قیمتش عالیه\r\n','\r',char(13)),'\n',char(10)),'امین شایان','2021-03-15 08:56:09.680153',121);
INSERT INTO app_comment VALUES(29,replace(replace('کیفیتش نسبت به قیمتش عالیه\r\n','\r',char(13)),'\n',char(10)),'امین شایان','2021-03-15 08:56:19.474606',121);
INSERT INTO app_comment VALUES(30,replace(replace('کیفیتش نسبت به قیمتش عالیه\r\n','\r',char(13)),'\n',char(10)),'امین شایان','2021-03-15 08:56:38.295293',121);
INSERT INTO app_comment VALUES(31,replace(replace('کیفیتش نسبت به قیمتش عالیه\r\n','\r',char(13)),'\n',char(10)),'امین شایان','2021-03-15 08:57:35.594180',121);
INSERT INTO app_comment VALUES(32,replace(replace('کیفیتش نسبت به قیمتش عالیه\r\n','\r',char(13)),'\n',char(10)),'امین شایان','2021-03-15 08:57:42.344807',121);
INSERT INTO app_comment VALUES(33,replace(replace('کیفیتش نسبت به قیمتش عالیه\r\n','\r',char(13)),'\n',char(10)),'امین شایان','2021-03-15 08:57:53.255606',121);
INSERT INTO app_comment VALUES(34,replace(replace('کیفیتش نسبت به قیمتش عالیه\r\n','\r',char(13)),'\n',char(10)),'امین شایان','2021-03-15 08:58:26.212011',121);
INSERT INTO app_comment VALUES(35,replace(replace('کیفیتش نسبت به قیمتش عالیه\r\n','\r',char(13)),'\n',char(10)),'امین شایان','2021-03-15 08:58:31.043588',121);
INSERT INTO app_comment VALUES(36,replace(replace('کیفیتش نسبت به قیمتش عالیه\r\n','\r',char(13)),'\n',char(10)),'امین شایان','2021-03-15 08:58:57.666287',121);
CREATE TABLE IF NOT EXISTS "app_bicycle" ("id" integer NOT NULL PRIMARY KEY AUTOINCREMENT, "size" integer NOT NULL, "sport_id" integer NOT NULL UNIQUE REFERENCES "app_sport" ("id") DEFERRABLE INITIALLY DEFERRED, "weight" integer NOT NULL);
INSERT INTO app_bicycle VALUES(1,26,5,22);
INSERT INTO app_bicycle VALUES(2,26,6,19);
INSERT INTO app_bicycle VALUES(3,26,7,14);
INSERT INTO app_bicycle VALUES(4,26,8,15);
INSERT INTO app_bicycle VALUES(5,26,9,15);
CREATE TABLE IF NOT EXISTS "app_treadmill" ("id" integer NOT NULL PRIMARY KEY AUTOINCREMENT, "max_weight" integer NOT NULL, "sport_id" integer NOT NULL UNIQUE REFERENCES "app_sport" ("id") DEFERRABLE INITIALLY DEFERRED, "self_weight" integer NOT NULL);
INSERT INTO app_treadmill VALUES(1,120,10,79);
INSERT INTO app_treadmill VALUES(2,180,11,168);
INSERT INTO app_treadmill VALUES(3,180,12,220);
INSERT INTO app_treadmill VALUES(4,180,13,164);
INSERT INTO app_treadmill VALUES(5,120,14,79);
CREATE TABLE IF NOT EXISTS "app_homeappliances" ("id" integer NOT NULL PRIMARY KEY AUTOINCREMENT, "good_id" integer NOT NULL UNIQUE REFERENCES "app_good" ("id") DEFERRABLE INITIALLY DEFERRED, "category_happ" varchar(20) NOT NULL);
INSERT INTO app_homeappliances VALUES(2,18,'Refrigerator');
INSERT INTO app_homeappliances VALUES(3,69,'Refrigerator');
INSERT INTO app_homeappliances VALUES(4,70,'Refrigerator');
INSERT INTO app_homeappliances VALUES(5,71,'Refrigerator');
INSERT INTO app_homeappliances VALUES(6,72,'Refrigerator');
INSERT INTO app_homeappliances VALUES(7,73,'TV');
INSERT INTO app_homeappliances VALUES(8,74,'TV');
INSERT INTO app_homeappliances VALUES(9,75,'TV');
INSERT INTO app_homeappliances VALUES(10,76,'TV');
INSERT INTO app_homeappliances VALUES(11,77,'TV');
INSERT INTO app_homeappliances VALUES(12,78,'Washing_machine');
INSERT INTO app_homeappliances VALUES(13,79,'Washing_machine');
INSERT INTO app_homeappliances VALUES(14,80,'Washing_machine');
INSERT INTO app_homeappliances VALUES(15,81,'Washing_machine');
INSERT INTO app_homeappliances VALUES(16,82,'Washing_machine');
INSERT INTO app_homeappliances VALUES(17,83,'Sofa');
INSERT INTO app_homeappliances VALUES(18,84,'Sofa');
INSERT INTO app_homeappliances VALUES(19,85,'Sofa');
INSERT INTO app_homeappliances VALUES(20,86,'Sofa');
INSERT INTO app_homeappliances VALUES(21,87,'Sofa');
CREATE TABLE IF NOT EXISTS "app_pen" ("id" integer NOT NULL PRIMARY KEY AUTOINCREMENT, "stationery_id" integer NOT NULL UNIQUE REFERENCES "app_stationery" ("id") DEFERRABLE INITIALLY DEFERRED, "color" varchar(20) NOT NULL);
CREATE TABLE IF NOT EXISTS "app_refrigerator" ("id" integer NOT NULL PRIMARY KEY AUTOINCREMENT, "height" integer NOT NULL, "deep" integer NOT NULL, "homeAppliances_id" integer NOT NULL UNIQUE REFERENCES "app_homeappliances" ("id") DEFERRABLE INITIALLY DEFERRED, "brand" varchar(20) NOT NULL);
INSERT INTO app_refrigerator VALUES(2,1816,920,2,'Snowa');
INSERT INTO app_refrigerator VALUES(3,1816,720,3,'Snowa');
INSERT INTO app_refrigerator VALUES(4,1816,920,4,'Snowa');
INSERT INTO app_refrigerator VALUES(5,1920,680,5,'Emersun');
INSERT INTO app_refrigerator VALUES(6,1625,675,6,'Emersun');
CREATE TABLE IF NOT EXISTS "app_sport" ("id" integer NOT NULL PRIMARY KEY AUTOINCREMENT, "good_id" integer NOT NULL UNIQUE REFERENCES "app_good" ("id") DEFERRABLE INITIALLY DEFERRED, "category_sport" varchar(20) NOT NULL);
INSERT INTO app_sport VALUES(3,19,'Ball');
INSERT INTO app_sport VALUES(4,20,'Ball');
INSERT INTO app_sport VALUES(5,88,'Bicycle');
INSERT INTO app_sport VALUES(6,89,'Bicycle');
INSERT INTO app_sport VALUES(7,90,'Bicycle');
INSERT INTO app_sport VALUES(8,91,'Bicycle');
INSERT INTO app_sport VALUES(9,92,'Bicycle');
INSERT INTO app_sport VALUES(10,93,'Treadmill');
INSERT INTO app_sport VALUES(11,94,'Treadmill');
INSERT INTO app_sport VALUES(12,95,'Treadmill');
INSERT INTO app_sport VALUES(13,96,'Treadmill');
INSERT INTO app_sport VALUES(14,97,'Treadmill');
INSERT INTO app_sport VALUES(15,98,'Ball');
INSERT INTO app_sport VALUES(16,99,'Ball');
INSERT INTO app_sport VALUES(17,100,'Ball');
CREATE TABLE IF NOT EXISTS "app_stationery" ("id" integer NOT NULL PRIMARY KEY AUTOINCREMENT, "good_id" integer NOT NULL UNIQUE REFERENCES "app_good" ("id") DEFERRABLE INITIALLY DEFERRED, "category_st" varchar(20) NOT NULL);
INSERT INTO app_stationery VALUES(1,21,'Pen');
INSERT INTO app_stationery VALUES(2,101,'NoteBook');
INSERT INTO app_stationery VALUES(3,102,'NoteBook');
INSERT INTO app_stationery VALUES(4,103,'NoteBook');
INSERT INTO app_stationery VALUES(5,104,'NoteBook');
INSERT INTO app_stationery VALUES(6,105,'NoteBook');
INSERT INTO app_stationery VALUES(7,106,'Pen');
INSERT INTO app_stationery VALUES(8,107,'Pen');
INSERT INTO app_stationery VALUES(9,108,'Pen');
INSERT INTO app_stationery VALUES(10,109,'Pen');
INSERT INTO app_stationery VALUES(11,110,'Crayons');
INSERT INTO app_stationery VALUES(12,111,'Crayons');
INSERT INTO app_stationery VALUES(13,112,'Crayons');
INSERT INTO app_stationery VALUES(14,113,'Crayons');
INSERT INTO app_stationery VALUES(15,114,'Crayons');
INSERT INTO app_stationery VALUES(16,115,'Eraser');
INSERT INTO app_stationery VALUES(17,116,'Eraser');
INSERT INTO app_stationery VALUES(18,117,'Eraser');
INSERT INTO app_stationery VALUES(19,118,'Eraser');
INSERT INTO app_stationery VALUES(20,119,'Eraser');
CREATE TABLE IF NOT EXISTS "app_tv" ("id" integer NOT NULL PRIMARY KEY AUTOINCREMENT, "size" integer NOT NULL, "bluetooth" bool NOT NULL, "homeAppliances_id" integer NOT NULL UNIQUE REFERENCES "app_homeappliances" ("id") DEFERRABLE INITIALLY DEFERRED, "brand" varchar(20) NOT NULL);
INSERT INTO app_tv VALUES(1,43,0,7,'LG');
INSERT INTO app_tv VALUES(2,43,0,8,'LG');
INSERT INTO app_tv VALUES(3,49,1,9,'LG');
INSERT INTO app_tv VALUES(4,49,1,10,'LG');
INSERT INTO app_tv VALUES(5,60,1,11,'LG');
CREATE TABLE IF NOT EXISTS "app_washing_machine" ("id" integer NOT NULL PRIMARY KEY AUTOINCREMENT, "height" integer NOT NULL, "capacity" integer NOT NULL, "homeAppliances_id" integer NOT NULL UNIQUE REFERENCES "app_homeappliances" ("id") DEFERRABLE INITIALLY DEFERRED, "brand" varchar(20) NOT NULL);
INSERT INTO app_washing_machine VALUES(1,850,9,12,'Bosch');
INSERT INTO app_washing_machine VALUES(2,850,8,13,'Bosch');
INSERT INTO app_washing_machine VALUES(3,850,9,14,'Gplus');
INSERT INTO app_washing_machine VALUES(4,850,7,15,'Gplus');
INSERT INTO app_washing_machine VALUES(5,850,10,16,'Gplus');
CREATE TABLE IF NOT EXISTS "app_electronic" ("id" integer NOT NULL PRIMARY KEY AUTOINCREMENT, "weight" real NOT NULL, "good_id" integer NOT NULL UNIQUE REFERENCES "app_good" ("id") DEFERRABLE INITIALLY DEFERRED, "category_elec" varchar(20) NOT NULL, "brand" varchar(20) NOT NULL);
INSERT INTO app_electronic VALUES(4,1.8999999999999999111,16,'LapTop','ASUS');
INSERT INTO app_electronic VALUES(5,1.330000000000000071,17,'LapTop','Huawei');
INSERT INTO app_electronic VALUES(7,1.2900000000000000355,23,'LapTop','Apple');
INSERT INTO app_electronic VALUES(8,1.5,24,'LapTop','ASUS');
INSERT INTO app_electronic VALUES(9,1.3700000000000001065,25,'LapTop','Apple');
INSERT INTO app_electronic VALUES(10,172.0,26,'Mobile','Samsung');
INSERT INTO app_electronic VALUES(11,191.99999999999999999,27,'Mobile','Huawei');
INSERT INTO app_electronic VALUES(12,225.99999999999999999,28,'Mobile','Apple');
INSERT INTO app_electronic VALUES(13,163.0,29,'Mobile','Huawei');
INSERT INTO app_electronic VALUES(14,185.0,30,'Mobile','Samsung');
INSERT INTO app_electronic VALUES(15,10.0,31,'Headset','Huawei');
INSERT INTO app_electronic VALUES(16,200.0,32,'Headset','Huawei');
INSERT INTO app_electronic VALUES(17,20.0,33,'Headset','Huawei');
INSERT INTO app_electronic VALUES(18,15.0,34,'Headset','Huawei');
INSERT INTO app_electronic VALUES(19,60.0,35,'Headset','Huawei');
INSERT INTO app_electronic VALUES(20,45.0,36,'Charger','Huawei');
INSERT INTO app_electronic VALUES(21,40.0,37,'Charger','Huawei');
INSERT INTO app_electronic VALUES(22,37.0,38,'Charger','Huawei');
INSERT INTO app_electronic VALUES(23,45.0,39,'Charger','Huawei');
INSERT INTO app_electronic VALUES(24,22.0,40,'Charger','Huawei');
INSERT INTO app_electronic VALUES(25,1.330000000000000071,120,'LapTop','Huawei');
INSERT INTO app_electronic VALUES(26,2.0,121,'LapTop','ASUS');
INSERT INTO app_electronic VALUES(27,1.8999999999999999111,122,'LapTop','ASUS');
INSERT INTO app_electronic VALUES(28,1.3999999999999999111,123,'LapTop','Apple');
INSERT INTO app_electronic VALUES(30,1.8999999999999999111,125,'LapTop','ASUS');
INSERT INTO app_electronic VALUES(31,2.2000000000000001776,126,'LapTop','ASUS');
INSERT INTO app_electronic VALUES(32,1.8000000000000000444,127,'LapTop','ASUS');
INSERT INTO app_electronic VALUES(33,1.3000000000000000444,128,'LapTop','Huawei');
CREATE TABLE IF NOT EXISTS "app_image" ("id" integer NOT NULL PRIMARY KEY AUTOINCREMENT, "good_id" integer NOT NULL REFERENCES "app_good" ("id") DEFERRABLE INITIALLY DEFERRED, "img_src" varchar(200) NOT NULL);
INSERT INTO app_image VALUES(17,14,'app/goods_image/Shirt/L-B_0.jpg');
INSERT INTO app_image VALUES(18,14,'app/goods_image/Shirt/L-B_1.jpg');
INSERT INTO app_image VALUES(19,15,'app/goods_image/Shirt/L-BR_0.jpg');
INSERT INTO app_image VALUES(20,15,'app/goods_image/Shirt/L-BR_1.jpg');
INSERT INTO app_image VALUES(21,16,'app/goods_image/Lap Top/VivoBook X540UA_0.jpg');
INSERT INTO app_image VALUES(22,16,'app/goods_image/Lap Top/VivoBook X540UA_1.jpg');
INSERT INTO app_image VALUES(23,16,'app/goods_image/Lap Top/VivoBook X540UA_2.jpg');
INSERT INTO app_image VALUES(24,17,'app/goods_image/Lap Top/MateBook X Pro_0.jpg');
INSERT INTO app_image VALUES(25,17,'app/goods_image/Lap Top/MateBook X Pro_1.jpg');
INSERT INTO app_image VALUES(26,17,'app/goods_image/Lap Top/MateBook X Pro_2.jpg');
INSERT INTO app_image VALUES(27,18,'app/goods_image/Refrigerator/S8-2322GW_0.jpg');
INSERT INTO app_image VALUES(28,18,'app/goods_image/Refrigerator/S8-2322GW_1.jpg');
INSERT INTO app_image VALUES(29,18,'app/goods_image/Refrigerator/S8-2322GW_2.jpg');
INSERT INTO app_image VALUES(30,19,'app/goods_image/Ball/RUSSIA 2018_0.jpg');
INSERT INTO app_image VALUES(31,20,'app/goods_image/Ball/MVA 200_0.jpg');
INSERT INTO app_image VALUES(32,20,'app/goods_image/Ball/MVA 200_1.jpg');
INSERT INTO app_image VALUES(33,20,'app/goods_image/Ball/MVA 200_2.jpg');
INSERT INTO app_image VALUES(34,21,'app/goods_image/Pen/Semi Gel 2_0.jpg');
INSERT INTO app_image VALUES(40,23,'app/goods_image/Lap Top/MacBook Air MWTJ2 2020_0.jpg');
INSERT INTO app_image VALUES(41,23,'app/goods_image/Lap Top/MacBook Air MWTJ2 2020_1.jpg');
INSERT INTO app_image VALUES(42,23,'app/goods_image/Lap Top/MacBook Air MWTJ2 2020_2.jpg');
INSERT INTO app_image VALUES(43,23,'app/goods_image/Lap Top/MacBook Air MWTJ2 2020_3.jpg');
INSERT INTO app_image VALUES(44,23,'app/goods_image/Lap Top/MacBook Air MWTJ2 2020_4.jpg');
INSERT INTO app_image VALUES(45,24,'app/goods_image/Lap Top/VivoBook A412FJ-EK301T_0.jpg');
INSERT INTO app_image VALUES(46,24,'app/goods_image/Lap Top/VivoBook A412FJ-EK301T_1.jpg');
INSERT INTO app_image VALUES(47,24,'app/goods_image/Lap Top/VivoBook A412FJ-EK301T_2.jpg');
INSERT INTO app_image VALUES(48,24,'app/goods_image/Lap Top/VivoBook A412FJ-EK301T_3.jpg');
INSERT INTO app_image VALUES(49,25,'app/goods_image/Lap Top/MacBook Pro MV972 2019_0.jpg');
INSERT INTO app_image VALUES(50,25,'app/goods_image/Lap Top/MacBook Pro MV972 2019_1.jpg');
INSERT INTO app_image VALUES(51,25,'app/goods_image/Lap Top/MacBook Pro MV972 2019_2.jpg');
INSERT INTO app_image VALUES(52,25,'app/goods_image/Lap Top/MacBook Pro MV972 2019_3.jpg');
INSERT INTO app_image VALUES(53,26,'app/goods_image/mobile/Galaxy A51 SM-A515F.DSN _0.jpg');
INSERT INTO app_image VALUES(54,26,'app/goods_image/mobile/Galaxy A51 SM-A515F.DSN _1.jpg');
INSERT INTO app_image VALUES(55,26,'app/goods_image/mobile/Galaxy A51 SM-A515F.DSN _2.jpg');
INSERT INTO app_image VALUES(56,26,'app/goods_image/mobile/Galaxy A51 SM-A515F.DSN _3.jpg');
INSERT INTO app_image VALUES(57,26,'app/goods_image/mobile/Galaxy A51 SM-A515F.DSN _4.jpg');
INSERT INTO app_image VALUES(58,27,'app/goods_image/mobile/P30 Pro VOG-L29 _0.jpg');
INSERT INTO app_image VALUES(59,27,'app/goods_image/mobile/P30 Pro VOG-L29 _1.jpg');
INSERT INTO app_image VALUES(60,27,'app/goods_image/mobile/P30 Pro VOG-L29 _2.jpg');
INSERT INTO app_image VALUES(61,28,'app/goods_image/mobile/iPhone 11 Pro Max A2220_0.jpg');
INSERT INTO app_image VALUES(62,28,'app/goods_image/mobile/iPhone 11 Pro Max A2220_1.jpg');
INSERT INTO app_image VALUES(63,28,'app/goods_image/mobile/iPhone 11 Pro Max A2220_2.jpg');
INSERT INTO app_image VALUES(64,28,'app/goods_image/mobile/iPhone 11 Pro Max A2220_3.jpg');
INSERT INTO app_image VALUES(65,29,'app/goods_image/mobile/Y8p AQM-LX1_0.jpg');
INSERT INTO app_image VALUES(66,29,'app/goods_image/mobile/Y8p AQM-LX1_1.jpg');
INSERT INTO app_image VALUES(67,29,'app/goods_image/mobile/Y8p AQM-LX1_2.jpg');
INSERT INTO app_image VALUES(68,30,'app/goods_image/mobile/Galaxy A31 SM-A315F.DS _0.jpg');
INSERT INTO app_image VALUES(69,30,'app/goods_image/mobile/Galaxy A31 SM-A315F.DS _1.jpg');
INSERT INTO app_image VALUES(70,30,'app/goods_image/mobile/Galaxy A31 SM-A315F.DS _2.jpg');
INSERT INTO app_image VALUES(71,31,'app/goods_image/headset/G17_0.jpg');
INSERT INTO app_image VALUES(72,31,'app/goods_image/headset/G17_1.jpg');
INSERT INTO app_image VALUES(73,31,'app/goods_image/headset/G17_2.jpg');
INSERT INTO app_image VALUES(74,32,'app/goods_image/headset/X3_0.jpg');
INSERT INTO app_image VALUES(75,32,'app/goods_image/headset/X3_1.jpg');
INSERT INTO app_image VALUES(76,33,'app/goods_image/headset/GD-64_0.jpg');
INSERT INTO app_image VALUES(77,33,'app/goods_image/headset/GD-64_1.jpg');
INSERT INTO app_image VALUES(78,33,'app/goods_image/headset/GD-64_2.jpg');
INSERT INTO app_image VALUES(79,34,'app/goods_image/headset/T2000_0.jpg');
INSERT INTO app_image VALUES(80,34,'app/goods_image/headset/T2000_1.jpg');
INSERT INTO app_image VALUES(81,35,'app/goods_image/headset/A71_0.jpg');
INSERT INTO app_image VALUES(82,35,'app/goods_image/headset/A71_1.jpg');
INSERT INTO app_image VALUES(83,35,'app/goods_image/headset/A71_2.jpg');
INSERT INTO app_image VALUES(84,35,'app/goods_image/headset/A71_3.jpg');
INSERT INTO app_image VALUES(85,36,'app/goods_image/charger/EP-TA300 USB-C_0.jpg');
INSERT INTO app_image VALUES(86,36,'app/goods_image/charger/EP-TA300 USB-C_1.jpg');
INSERT INTO app_image VALUES(87,36,'app/goods_image/charger/EP-TA300 USB-C_2.jpg');
INSERT INTO app_image VALUES(88,37,'app/goods_image/charger/EP-TA20EWE microUSB_0.jpg');
INSERT INTO app_image VALUES(89,37,'app/goods_image/charger/EP-TA20EWE microUSB_1.jpg');
INSERT INTO app_image VALUES(90,37,'app/goods_image/charger/EP-TA20EWE microUSB_2.jpg');
INSERT INTO app_image VALUES(91,38,'app/goods_image/charger/EP880  microUSB_0.jpg');
INSERT INTO app_image VALUES(92,38,'app/goods_image/charger/EP880  microUSB_1.jpg');
INSERT INTO app_image VALUES(93,38,'app/goods_image/charger/EP880  microUSB_2.jpg');
INSERT INTO app_image VALUES(94,38,'app/goods_image/charger/EP880  microUSB_3.jpg');
INSERT INTO app_image VALUES(95,39,'app/goods_image/charger/MDY-10-EF USB-C_0.jpg');
INSERT INTO app_image VALUES(96,39,'app/goods_image/charger/MDY-10-EF USB-C_1.jpg');
INSERT INTO app_image VALUES(97,39,'app/goods_image/charger/MDY-10-EF USB-C_2.jpg');
INSERT INTO app_image VALUES(98,40,'app/goods_image/charger/HW-050450E00 USB-C_0.jpg');
INSERT INTO app_image VALUES(99,40,'app/goods_image/charger/HW-050450E00 USB-C_1.jpg');
INSERT INTO app_image VALUES(100,40,'app/goods_image/charger/HW-050450E00 USB-C_2.jpg');
INSERT INTO app_image VALUES(101,40,'app/goods_image/charger/HW-050450E00 USB-C_3.jpg');
INSERT INTO app_image VALUES(102,40,'app/goods_image/charger/HW-050450E00 USB-C_4.jpg');
INSERT INTO app_image VALUES(103,41,'app/goods_image/Shirt/M02328_0.jpg');
INSERT INTO app_image VALUES(104,41,'app/goods_image/Shirt/M02328_1.jpg');
INSERT INTO app_image VALUES(105,41,'app/goods_image/Shirt/M02328_2.jpg');
INSERT INTO app_image VALUES(106,41,'app/goods_image/Shirt/M02328_3.jpg');
INSERT INTO app_image VALUES(107,42,'app/goods_image/Shirt/s20_0.jpg');
INSERT INTO app_image VALUES(108,42,'app/goods_image/Shirt/s20_1.jpg');
INSERT INTO app_image VALUES(109,43,'app/goods_image/Shirt/DAK-20845_0.jpg');
INSERT INTO app_image VALUES(110,43,'app/goods_image/Shirt/DAK-20845_1.jpg');
INSERT INTO app_image VALUES(111,43,'app/goods_image/Shirt/DAK-20845_2.jpg');
INSERT INTO app_image VALUES(112,43,'app/goods_image/Shirt/DAK-20845_3.jpg');
INSERT INTO app_image VALUES(113,44,'app/goods_image/Tshirt/7A1_0.jpg');
INSERT INTO app_image VALUES(114,44,'app/goods_image/Tshirt/7A1_1.jpg');
INSERT INTO app_image VALUES(115,45,'app/goods_image/Tshirt/347005314_0.jpg');
INSERT INTO app_image VALUES(116,45,'app/goods_image/Tshirt/347005314_1.jpg');
INSERT INTO app_image VALUES(117,46,'app/goods_image/Tshirt/J7_0.jpg');
INSERT INTO app_image VALUES(118,46,'app/goods_image/Tshirt/J7_1.jpg');
INSERT INTO app_image VALUES(119,46,'app/goods_image/Tshirt/J7_2.jpg');
INSERT INTO app_image VALUES(120,47,'app/goods_image/Tshirt/2216_0.jpg');
INSERT INTO app_image VALUES(121,47,'app/goods_image/Tshirt/2216_1.jpg');
INSERT INTO app_image VALUES(122,47,'app/goods_image/Tshirt/2216_2.jpg');
INSERT INTO app_image VALUES(123,48,'app/goods_image/Tshirt/1131131-70_0.jpg');
INSERT INTO app_image VALUES(124,48,'app/goods_image/Tshirt/1131131-70_1.jpg');
INSERT INTO app_image VALUES(125,48,'app/goods_image/Tshirt/1131131-70_2.jpg');
INSERT INTO app_image VALUES(126,49,'app/goods_image/Pants/TRO-COT-13_0.jpg');
INSERT INTO app_image VALUES(127,49,'app/goods_image/Pants/TRO-COT-13_1.jpg');
INSERT INTO app_image VALUES(128,50,'app/goods_image/Pants/TRO-COT-2E_0.jpg');
INSERT INTO app_image VALUES(129,50,'app/goods_image/Pants/TRO-COT-2E_1.jpg');
INSERT INTO app_image VALUES(130,51,'app/goods_image/Pants/sha.jns.021_0.jpg');
INSERT INTO app_image VALUES(131,51,'app/goods_image/Pants/sha.jns.021_1.jpg');
INSERT INTO app_image VALUES(132,52,'app/goods_image/Pants/SA-ME _0.jpg');
INSERT INTO app_image VALUES(133,52,'app/goods_image/Pants/SA-ME _1.jpg');
INSERT INTO app_image VALUES(134,52,'app/goods_image/Pants/SA-ME _2.jpg');
INSERT INTO app_image VALUES(135,52,'app/goods_image/Pants/SA-ME _3.jpg');
INSERT INTO app_image VALUES(136,53,'app/goods_image/Pants/2401104-92_0.jpg');
INSERT INTO app_image VALUES(137,53,'app/goods_image/Pants/2401104-92_1.jpg');
INSERT INTO app_image VALUES(138,53,'app/goods_image/Pants/2401104-92_2.jpg');
INSERT INTO app_image VALUES(139,54,'app/goods_image/Manto/1100030_0.jpg');
INSERT INTO app_image VALUES(140,54,'app/goods_image/Manto/1100030_1.jpg');
INSERT INTO app_image VALUES(141,54,'app/goods_image/Manto/1100030_2.jpg');
INSERT INTO app_image VALUES(142,54,'app/goods_image/Manto/1100030_3.jpg');
INSERT INTO app_image VALUES(143,55,'app/goods_image/Manto/60401_0.jpg');
INSERT INTO app_image VALUES(144,55,'app/goods_image/Manto/60401_1.jpg');
INSERT INTO app_image VALUES(145,55,'app/goods_image/Manto/60401_2.jpg');
INSERT INTO app_image VALUES(146,55,'app/goods_image/Manto/60401_3.jpg');
INSERT INTO app_image VALUES(147,56,'app/goods_image/Manto/MB_0.jpg');
INSERT INTO app_image VALUES(148,56,'app/goods_image/Manto/MB_1.jpg');
INSERT INTO app_image VALUES(149,56,'app/goods_image/Manto/MB_2.jpg');
INSERT INTO app_image VALUES(150,56,'app/goods_image/Manto/MB_3.jpg');
INSERT INTO app_image VALUES(151,57,'app/goods_image/Manto/M-so1_0.jpg');
INSERT INTO app_image VALUES(152,57,'app/goods_image/Manto/M-so1_1.jpg');
INSERT INTO app_image VALUES(153,57,'app/goods_image/Manto/M-so1_2.jpg');
INSERT INTO app_image VALUES(154,58,'app/goods_image/Manto/60003_0.jpg');
INSERT INTO app_image VALUES(155,58,'app/goods_image/Manto/60003_1.jpg');
INSERT INTO app_image VALUES(156,58,'app/goods_image/Manto/60003_2.jpg');
INSERT INTO app_image VALUES(157,58,'app/goods_image/Manto/60003_3.jpg');
INSERT INTO app_image VALUES(158,59,'app/goods_image/Blouse/807068-black_0.jpg');
INSERT INTO app_image VALUES(159,59,'app/goods_image/Blouse/807068-black_1.jpg');
INSERT INTO app_image VALUES(160,59,'app/goods_image/Blouse/807068-black_2.jpg');
INSERT INTO app_image VALUES(161,59,'app/goods_image/Blouse/807068-black_3.jpg');
INSERT INTO app_image VALUES(162,60,'app/goods_image/Blouse/207G.05Y_0.jpg');
INSERT INTO app_image VALUES(163,60,'app/goods_image/Blouse/207G.05Y_1.jpg');
INSERT INTO app_image VALUES(164,60,'app/goods_image/Blouse/207G.05Y_2.jpg');
INSERT INTO app_image VALUES(165,61,'app/goods_image/Blouse/216TRH.CR_0.jpg');
INSERT INTO app_image VALUES(166,61,'app/goods_image/Blouse/216TRH.CR_1.jpg');
INSERT INTO app_image VALUES(167,61,'app/goods_image/Blouse/216TRH.CR_2.jpg');
INSERT INTO app_image VALUES(168,61,'app/goods_image/Blouse/216TRH.CR_3.jpg');
INSERT INTO app_image VALUES(169,62,'app/goods_image/Blouse/217DB.C_0.jpg');
INSERT INTO app_image VALUES(170,62,'app/goods_image/Blouse/217DB.C_1.jpg');
INSERT INTO app_image VALUES(171,62,'app/goods_image/Blouse/217DB.C_2.jpg');
INSERT INTO app_image VALUES(172,62,'app/goods_image/Blouse/217DB.C_3.jpg');
INSERT INTO app_image VALUES(173,63,'app/goods_image/Blouse/207G.03BK_0.jpg');
INSERT INTO app_image VALUES(174,63,'app/goods_image/Blouse/207G.03BK_1.jpg');
INSERT INTO app_image VALUES(175,63,'app/goods_image/Blouse/207G.03BK_2.jpg');
INSERT INTO app_image VALUES(176,64,'app/goods_image/Pants_female/163111699_0.jpg');
INSERT INTO app_image VALUES(177,64,'app/goods_image/Pants_female/163111699_1.jpg');
INSERT INTO app_image VALUES(178,64,'app/goods_image/Pants_female/163111699_2.jpg');
INSERT INTO app_image VALUES(179,65,'app/goods_image/Pants_female/CRP90GY_0.jpg');
INSERT INTO app_image VALUES(180,65,'app/goods_image/Pants_female/CRP90GY_1.jpg');
INSERT INTO app_image VALUES(181,65,'app/goods_image/Pants_female/CRP90GY_2.jpg');
INSERT INTO app_image VALUES(182,66,'app/goods_image/Pants_female/PJ_0.jpg');
INSERT INTO app_image VALUES(183,66,'app/goods_image/Pants_female/PJ_1.jpg');
INSERT INTO app_image VALUES(184,66,'app/goods_image/Pants_female/PJ_2.jpg');
INSERT INTO app_image VALUES(185,67,'app/goods_image/Pants_female/TR.CRM.BND1_0.jpg');
INSERT INTO app_image VALUES(186,67,'app/goods_image/Pants_female/TR.CRM.BND1_1.jpg');
INSERT INTO app_image VALUES(187,67,'app/goods_image/Pants_female/TR.CRM.BND1_2.jpg');
INSERT INTO app_image VALUES(188,68,'app/goods_image/Pants_female/104047-41_0.jpg');
INSERT INTO app_image VALUES(189,68,'app/goods_image/Pants_female/104047-41_1.jpg');
INSERT INTO app_image VALUES(190,68,'app/goods_image/Pants_female/104047-41_2.jpg');
INSERT INTO app_image VALUES(191,51,'app/goods_image/Pants/sha.jns.021_2.jpg');
INSERT INTO app_image VALUES(192,69,'app/goods_image/Refrigerator/S8-2261S_0.jpg');
INSERT INTO app_image VALUES(193,69,'app/goods_image/Refrigerator/S8-2261S_1.jpg');
INSERT INTO app_image VALUES(194,70,'app/goods_image/Refrigerator/S8-2352_0.jpg');
INSERT INTO app_image VALUES(195,70,'app/goods_image/Refrigerator/S8-2352_1.jpg');
INSERT INTO app_image VALUES(196,70,'app/goods_image/Refrigerator/S8-2352_2.jpg');
INSERT INTO app_image VALUES(197,71,'app/goods_image/Refrigerator/BFN20D321_0.jpg');
INSERT INTO app_image VALUES(198,71,'app/goods_image/Refrigerator/BFN20D321_1.jpg');
INSERT INTO app_image VALUES(199,71,'app/goods_image/Refrigerator/BFN20D321_2.jpg');
INSERT INTO app_image VALUES(200,71,'app/goods_image/Refrigerator/BFN20D321_3.jpg');
INSERT INTO app_image VALUES(201,72,'app/goods_image/Refrigerator/TFH14T_0.jpg');
INSERT INTO app_image VALUES(202,72,'app/goods_image/Refrigerator/TFH14T_1.jpg');
INSERT INTO app_image VALUES(203,72,'app/goods_image/Refrigerator/TFH14T_2.jpg');
INSERT INTO app_image VALUES(204,73,'app/goods_image/TV/43LJ52100 43_0.jpg');
INSERT INTO app_image VALUES(205,73,'app/goods_image/TV/43LJ52100 43_1.jpg');
INSERT INTO app_image VALUES(206,73,'app/goods_image/TV/43LJ52100 43_2.jpg');
INSERT INTO app_image VALUES(207,73,'app/goods_image/TV/43LJ52100 43_3.jpg');
INSERT INTO app_image VALUES(208,74,'app/goods_image/TV/43LJ55000 43_0.jpg');
INSERT INTO app_image VALUES(209,74,'app/goods_image/TV/43LJ55000 43_1.jpg');
INSERT INTO app_image VALUES(210,74,'app/goods_image/TV/43LJ55000 43_2.jpg');
INSERT INTO app_image VALUES(211,74,'app/goods_image/TV/43LJ55000 43_3.jpg');
INSERT INTO app_image VALUES(212,74,'app/goods_image/TV/43LJ55000 43_4.jpg');
INSERT INTO app_image VALUES(213,75,'app/goods_image/TV/49UJ66000GI 49_0.jpg');
INSERT INTO app_image VALUES(214,75,'app/goods_image/TV/49UJ66000GI 49_1.jpg');
INSERT INTO app_image VALUES(215,75,'app/goods_image/TV/49UJ66000GI 49_2.jpg');
INSERT INTO app_image VALUES(216,75,'app/goods_image/TV/49UJ66000GI 49_3.jpg');
INSERT INTO app_image VALUES(217,75,'app/goods_image/TV/49UJ66000GI 49_4.jpg');
INSERT INTO app_image VALUES(218,76,'app/goods_image/TV/49UK66000GI 49_0.jpg');
INSERT INTO app_image VALUES(219,76,'app/goods_image/TV/49UK66000GI 49_1.jpg');
INSERT INTO app_image VALUES(220,76,'app/goods_image/TV/49UK66000GI 49_2.jpg');
INSERT INTO app_image VALUES(221,76,'app/goods_image/TV/49UK66000GI 49_3.jpg');
INSERT INTO app_image VALUES(222,76,'app/goods_image/TV/49UK66000GI 49_4.jpg');
INSERT INTO app_image VALUES(223,77,'app/goods_image/TV/60SJ85000GI-TA 60_0.jpg');
INSERT INTO app_image VALUES(224,77,'app/goods_image/TV/60SJ85000GI-TA 60_1.jpg');
INSERT INTO app_image VALUES(225,77,'app/goods_image/TV/60SJ85000GI-TA 60_2.jpg');
INSERT INTO app_image VALUES(226,77,'app/goods_image/TV/60SJ85000GI-TA 60_3.jpg');
INSERT INTO app_image VALUES(227,77,'app/goods_image/TV/60SJ85000GI-TA 60_4.jpg');
INSERT INTO app_image VALUES(228,78,'app/goods_image/washing_machine/WAW3256XGC 9 _0.jpg');
INSERT INTO app_image VALUES(229,78,'app/goods_image/washing_machine/WAW3256XGC 9 _1.jpg');
INSERT INTO app_image VALUES(230,78,'app/goods_image/washing_machine/WAW3256XGC 9 _2.jpg');
INSERT INTO app_image VALUES(232,79,'app/goods_image/washing_machine/WAW324DE  8_0.jpg');
INSERT INTO app_image VALUES(233,79,'app/goods_image/washing_machine/WAW324DE  8_1.jpg');
INSERT INTO app_image VALUES(234,79,'app/goods_image/washing_machine/WAW324DE  8_2.jpg');
INSERT INTO app_image VALUES(235,80,'app/goods_image/washing_machine/GWM-K945S 9_0.jpg');
INSERT INTO app_image VALUES(236,80,'app/goods_image/washing_machine/GWM-K945S 9_1.jpg');
INSERT INTO app_image VALUES(237,80,'app/goods_image/washing_machine/GWM-K945S 9_2.jpg');
INSERT INTO app_image VALUES(238,80,'app/goods_image/washing_machine/GWM-K945S 9_3.jpg');
INSERT INTO app_image VALUES(239,81,'app/goods_image/washing_machine/GWM-K723W 7.5 _0.jpg');
INSERT INTO app_image VALUES(240,81,'app/goods_image/washing_machine/GWM-K723W 7.5 _1.jpg');
INSERT INTO app_image VALUES(241,81,'app/goods_image/washing_machine/GWM-K723W 7.5 _2.jpg');
INSERT INTO app_image VALUES(242,81,'app/goods_image/washing_machine/GWM-K723W 7.5 _3.jpg');
INSERT INTO app_image VALUES(243,81,'app/goods_image/washing_machine/GWM-K723W 7.5 _4.jpg');
INSERT INTO app_image VALUES(244,82,'app/goods_image/washing_machine/GWM-KD1048S 10.5_0.jpg');
INSERT INTO app_image VALUES(245,82,'app/goods_image/washing_machine/GWM-KD1048S 10.5_1.jpg');
INSERT INTO app_image VALUES(246,82,'app/goods_image/washing_machine/GWM-KD1048S 10.5_2.jpg');
INSERT INTO app_image VALUES(247,82,'app/goods_image/washing_machine/GWM-KD1048S 10.5_3.jpg');
INSERT INTO app_image VALUES(248,83,'app/goods_image/sofa/Pamir Lau_0.jpg');
INSERT INTO app_image VALUES(249,83,'app/goods_image/sofa/Pamir Lau_1.jpg');
INSERT INTO app_image VALUES(250,83,'app/goods_image/sofa/Pamir Lau_2.jpg');
INSERT INTO app_image VALUES(251,83,'app/goods_image/sofa/Pamir Lau_3.jpg');
INSERT INTO app_image VALUES(252,84,'app/goods_image/sofa/003_0.jpg');
INSERT INTO app_image VALUES(253,84,'app/goods_image/sofa/003_1.jpg');
INSERT INTO app_image VALUES(254,84,'app/goods_image/sofa/003_2.jpg');
INSERT INTO app_image VALUES(255,84,'app/goods_image/sofa/003_3.jpg');
INSERT INTO app_image VALUES(256,84,'app/goods_image/sofa/003_4.jpg');
INSERT INTO app_image VALUES(257,85,'app/goods_image/sofa/MA201-N-GR_0.jpg');
INSERT INTO app_image VALUES(258,85,'app/goods_image/sofa/MA201-N-GR_1.jpg');
INSERT INTO app_image VALUES(259,85,'app/goods_image/sofa/MA201-N-GR_2.jpg');
INSERT INTO app_image VALUES(260,85,'app/goods_image/sofa/MA201-N-GR_3.jpg');
INSERT INTO app_image VALUES(261,85,'app/goods_image/sofa/MA201-N-GR_4.jpg');
INSERT INTO app_image VALUES(262,86,'app/goods_image/sofa/008_0.jpg');
INSERT INTO app_image VALUES(263,86,'app/goods_image/sofa/008_1.jpg');
INSERT INTO app_image VALUES(264,86,'app/goods_image/sofa/008_2.jpg');
INSERT INTO app_image VALUES(265,86,'app/goods_image/sofa/008_3.jpg');
INSERT INTO app_image VALUES(266,87,'app/goods_image/sofa/3_0.jpg');
INSERT INTO app_image VALUES(267,87,'app/goods_image/sofa/3_1.jpg');
INSERT INTO app_image VALUES(268,87,'app/goods_image/sofa/3_2.jpg');
INSERT INTO app_image VALUES(269,87,'app/goods_image/sofa/3_3.jpg');
INSERT INTO app_image VALUES(270,88,'app/goods_image/bicycle/BEINAIQI 26_0.jpg');
INSERT INTO app_image VALUES(271,88,'app/goods_image/bicycle/BEINAIQI 26_1.jpg');
INSERT INTO app_image VALUES(272,88,'app/goods_image/bicycle/BEINAIQI 26_2.jpg');
INSERT INTO app_image VALUES(273,88,'app/goods_image/bicycle/BEINAIQI 26_3.jpg');
INSERT INTO app_image VALUES(274,88,'app/goods_image/bicycle/BEINAIQI 26_4.jpg');
INSERT INTO app_image VALUES(275,89,'app/goods_image/bicycle/FAST 26_0.jpg');
INSERT INTO app_image VALUES(276,89,'app/goods_image/bicycle/FAST 26_1.jpg');
INSERT INTO app_image VALUES(277,90,'app/goods_image/bicycle/ONE-TWENTY 500 D 26_0.jpg');
INSERT INTO app_image VALUES(278,90,'app/goods_image/bicycle/ONE-TWENTY 500 D 26_1.jpg');
INSERT INTO app_image VALUES(279,90,'app/goods_image/bicycle/ONE-TWENTY 500 D 26_2.jpg');
INSERT INTO app_image VALUES(280,91,'app/goods_image/bicycle/OMEGA 26_0.jpg');
INSERT INTO app_image VALUES(281,91,'app/goods_image/bicycle/OMEGA 26_1.jpg');
INSERT INTO app_image VALUES(282,91,'app/goods_image/bicycle/OMEGA 26_2.jpg');
INSERT INTO app_image VALUES(283,92,'app/goods_image/bicycle/R6 26_0.jpg');
INSERT INTO app_image VALUES(284,92,'app/goods_image/bicycle/R6 26_1.jpg');
INSERT INTO app_image VALUES(285,93,'app/goods_image/Treadmill/ENDURANCE M8I_0.jpg');
INSERT INTO app_image VALUES(286,93,'app/goods_image/Treadmill/ENDURANCE M8I_1.jpg');
INSERT INTO app_image VALUES(287,93,'app/goods_image/Treadmill/ENDURANCE M8I_2.jpg');
INSERT INTO app_image VALUES(288,94,'app/goods_image/Treadmill/T5000-TFT_0.jpg');
INSERT INTO app_image VALUES(289,94,'app/goods_image/Treadmill/T5000-TFT_1.jpg');
INSERT INTO app_image VALUES(290,94,'app/goods_image/Treadmill/T5000-TFT_2.jpg');
INSERT INTO app_image VALUES(291,95,'app/goods_image/Treadmill/AZ-3050-CA_0.jpg');
INSERT INTO app_image VALUES(292,95,'app/goods_image/Treadmill/AZ-3050-CA_1.jpg');
INSERT INTO app_image VALUES(293,95,'app/goods_image/Treadmill/AZ-3050-CA_2.jpg');
INSERT INTO app_image VALUES(294,96,'app/goods_image/Treadmill/T5000-C_0.jpg');
INSERT INTO app_image VALUES(295,96,'app/goods_image/Treadmill/T5000-C_1.jpg');
INSERT INTO app_image VALUES(296,97,'app/goods_image/Treadmill/T11.5_0.jpg');
INSERT INTO app_image VALUES(297,97,'app/goods_image/Treadmill/T11.5_1.jpg');
INSERT INTO app_image VALUES(298,98,'app/goods_image/Ball/champions league_0.jpg');
INSERT INTO app_image VALUES(299,98,'app/goods_image/Ball/champions league_1.jpg');
INSERT INTO app_image VALUES(300,99,'app/goods_image/Ball/GL7X_0.jpg');
INSERT INTO app_image VALUES(301,99,'app/goods_image/Ball/GL7X_1.jpg');
INSERT INTO app_image VALUES(302,100,'app/goods_image/Ball/PR7 7_0.jpg');
INSERT INTO app_image VALUES(303,100,'app/goods_image/Ball/PR7 7_1.jpg');
INSERT INTO app_image VALUES(304,100,'app/goods_image/Ball/PR7 7_2.jpg');
INSERT INTO app_image VALUES(305,101,'app/goods_image/notebook/M1_0.jpg');
INSERT INTO app_image VALUES(306,101,'app/goods_image/notebook/M1_1.jpg');
INSERT INTO app_image VALUES(307,102,'app/goods_image/notebook/BS 209_0.jpg');
INSERT INTO app_image VALUES(308,102,'app/goods_image/notebook/BS 209_1.jpg');
INSERT INTO app_image VALUES(309,103,'app/goods_image/notebook/my planner_0.jpg');
INSERT INTO app_image VALUES(310,103,'app/goods_image/notebook/my planner_1.jpg');
INSERT INTO app_image VALUES(311,103,'app/goods_image/notebook/my planner_2.jpg');
INSERT INTO app_image VALUES(312,103,'app/goods_image/notebook/my planner_3.jpg');
INSERT INTO app_image VALUES(313,104,'app/goods_image/notebook/A-100_0.jpg');
INSERT INTO app_image VALUES(314,104,'app/goods_image/notebook/A-100_1.jpg');
INSERT INTO app_image VALUES(315,104,'app/goods_image/notebook/A-100_2.jpg');
INSERT INTO app_image VALUES(316,105,'app/goods_image/notebook/NB-608R_0.jpg');
INSERT INTO app_image VALUES(317,105,'app/goods_image/notebook/NB-608R_1.jpg');
INSERT INTO app_image VALUES(318,105,'app/goods_image/notebook/NB-608R_2.jpg');
INSERT INTO app_image VALUES(319,21,'app/goods_image/Pen/Semi Gel 2_1.jpg');
INSERT INTO app_image VALUES(320,106,'app/goods_image/Pen/B2  2_0.jpg');
INSERT INTO app_image VALUES(321,106,'app/goods_image/Pen/B2  2_1.jpg');
INSERT INTO app_image VALUES(322,107,'app/goods_image/Pen/Cristal Medium_0.jpg');
INSERT INTO app_image VALUES(323,107,'app/goods_image/Pen/Cristal Medium_1.jpg');
INSERT INTO app_image VALUES(324,108,'app/goods_image/Pen/my tech_0.jpg');
INSERT INTO app_image VALUES(325,108,'app/goods_image/Pen/my tech_1.jpg');
INSERT INTO app_image VALUES(326,109,'app/goods_image/Pen/ep_101_0.jpg');
INSERT INTO app_image VALUES(327,109,'app/goods_image/Pen/ep_101_1.jpg');
INSERT INTO app_image VALUES(328,110,'app/goods_image/crayons/A-20_0.jpg');
INSERT INTO app_image VALUES(329,110,'app/goods_image/crayons/A-20_1.jpg');
INSERT INTO app_image VALUES(330,110,'app/goods_image/crayons/A-20_2.jpg');
INSERT INTO app_image VALUES(331,111,'app/goods_image/crayons/Classic_0.jpg');
INSERT INTO app_image VALUES(332,111,'app/goods_image/crayons/Classic_1.jpg');
INSERT INTO app_image VALUES(333,112,'app/goods_image/crayons/3017_0.jpg');
INSERT INTO app_image VALUES(334,112,'app/goods_image/crayons/3017_1.jpg');
INSERT INTO app_image VALUES(335,113,'app/goods_image/crayons/3016_0.jpg');
INSERT INTO app_image VALUES(336,113,'app/goods_image/crayons/3016_1.jpg');
INSERT INTO app_image VALUES(337,114,'app/goods_image/crayons/NEW_0.jpg');
INSERT INTO app_image VALUES(338,114,'app/goods_image/crayons/NEW_1.jpg');
INSERT INTO app_image VALUES(339,115,'app/goods_image/eraser/eraser2_0.jpg');
INSERT INTO app_image VALUES(340,115,'app/goods_image/eraser/eraser2_1.jpg');
INSERT INTO app_image VALUES(341,116,'app/goods_image/eraser/YN 2 _0.jpg');
INSERT INTO app_image VALUES(342,116,'app/goods_image/eraser/YN 2 _1.jpg');
INSERT INTO app_image VALUES(343,117,'app/goods_image/eraser/3036_0.jpg');
INSERT INTO app_image VALUES(344,117,'app/goods_image/eraser/3036_1.jpg');
INSERT INTO app_image VALUES(345,118,'app/goods_image/eraser/E06_0.jpg');
INSERT INTO app_image VALUES(346,118,'app/goods_image/eraser/E06_1.jpg');
INSERT INTO app_image VALUES(347,119,'app/goods_image/eraser/E04_0.jpg');
INSERT INTO app_image VALUES(348,119,'app/goods_image/eraser/E04_1.jpg');
INSERT INTO app_image VALUES(349,120,'app/goods_image/Lap Top/MateBook14X Pro_0.jpg');
INSERT INTO app_image VALUES(350,120,'app/goods_image/Lap Top/MateBook14X Pro_1.jpg');
INSERT INTO app_image VALUES(351,120,'app/goods_image/Lap Top/MateBook14X Pro_2.jpg');
INSERT INTO app_image VALUES(352,120,'app/goods_image/Lap Top/MateBook14X Pro_3.jpg');
INSERT INTO app_image VALUES(353,120,'app/goods_image/Lap Top/MateBook14X Pro_4.jpg');
INSERT INTO app_image VALUES(354,121,'app/goods_image/Lap Top/VivoBook X540YA - MMRR_0.jpg');
INSERT INTO app_image VALUES(355,121,'app/goods_image/Lap Top/VivoBook X540YA - MMRR_1.jpg');
INSERT INTO app_image VALUES(356,121,'app/goods_image/Lap Top/VivoBook X540YA - MMRR_2.jpg');
INSERT INTO app_image VALUES(357,122,'app/goods_image/Lap Top/VivoBook X543MA - NP_0.jpg');
INSERT INTO app_image VALUES(358,122,'app/goods_image/Lap Top/VivoBook X543MA - NP_1.jpg');
INSERT INTO app_image VALUES(359,122,'app/goods_image/Lap Top/VivoBook X543MA - NP_2.jpg');
INSERT INTO app_image VALUES(360,122,'app/goods_image/Lap Top/VivoBook X543MA - NP_3.jpg');
INSERT INTO app_image VALUES(361,122,'app/goods_image/Lap Top/VivoBook X543MA - NP_4.jpg');
INSERT INTO app_image VALUES(362,123,'app/goods_image/Lap Top/MacBook Pro MXK32 2020 _0.jpg');
INSERT INTO app_image VALUES(363,123,'app/goods_image/Lap Top/MacBook Pro MXK32 2020 _1.jpg');
INSERT INTO app_image VALUES(364,123,'app/goods_image/Lap Top/MacBook Pro MXK32 2020 _2.jpg');
INSERT INTO app_image VALUES(365,123,'app/goods_image/Lap Top/MacBook Pro MXK32 2020 _3.jpg');
INSERT INTO app_image VALUES(366,123,'app/goods_image/Lap Top/MacBook Pro MXK32 2020 _4.jpg');
INSERT INTO app_image VALUES(367,124,'app/goods_image/Lap Top/MacBook Pro MVVL2 2019_0.jpg');
INSERT INTO app_image VALUES(368,124,'app/goods_image/Lap Top/MacBook Pro MVVL2 2019_1.jpg');
INSERT INTO app_image VALUES(369,124,'app/goods_image/Lap Top/MacBook Pro MVVL2 2019_2.jpg');
INSERT INTO app_image VALUES(370,124,'app/goods_image/Lap Top/MacBook Pro MVVL2 2019_3.jpg');
INSERT INTO app_image VALUES(371,124,'app/goods_image/Lap Top/MacBook Pro MVVL2 2019_4.jpg');
INSERT INTO app_image VALUES(372,125,'app/goods_image/Lap Top/ZenBook FLip UX563FD-A_0.jpg');
INSERT INTO app_image VALUES(373,125,'app/goods_image/Lap Top/ZenBook FLip UX563FD-A_1.jpg');
INSERT INTO app_image VALUES(374,125,'app/goods_image/Lap Top/ZenBook FLip UX563FD-A_2.jpg');
INSERT INTO app_image VALUES(375,125,'app/goods_image/Lap Top/ZenBook FLip UX563FD-A_3.jpg');
INSERT INTO app_image VALUES(376,126,'app/goods_image/Lap Top/TUF FX505DT - A_0.jpg');
INSERT INTO app_image VALUES(377,126,'app/goods_image/Lap Top/TUF FX505DT - A_1.jpg');
INSERT INTO app_image VALUES(378,126,'app/goods_image/Lap Top/TUF FX505DT - A_2.jpg');
INSERT INTO app_image VALUES(379,126,'app/goods_image/Lap Top/TUF FX505DT - A_3.jpg');
INSERT INTO app_image VALUES(380,127,'app/goods_image/Lap Top/VivoBook S533JQ - A_0.jpg');
INSERT INTO app_image VALUES(381,127,'app/goods_image/Lap Top/VivoBook S533JQ - A_1.jpg');
INSERT INTO app_image VALUES(382,127,'app/goods_image/Lap Top/VivoBook S533JQ - A_2.jpg');
INSERT INTO app_image VALUES(383,127,'app/goods_image/Lap Top/VivoBook S533JQ - A_3.jpg');
INSERT INTO app_image VALUES(384,128,'app/goods_image/Lap Top/MateBook 13 2020 - B_0.jpg');
INSERT INTO app_image VALUES(385,128,'app/goods_image/Lap Top/MateBook 13 2020 - B_1.jpg');
INSERT INTO app_image VALUES(386,128,'app/goods_image/Lap Top/MateBook 13 2020 - B_2.jpg');
INSERT INTO app_image VALUES(387,128,'app/goods_image/Lap Top/MateBook 13 2020 - B_3.jpg');
CREATE TABLE IF NOT EXISTS "app_clothes" ("id" integer NOT NULL PRIMARY KEY AUTOINCREMENT, "type" varchar(100) NOT NULL, "good_id" integer NOT NULL UNIQUE REFERENCES "app_good" ("id") DEFERRABLE INITIALLY DEFERRED, "category_clothes" varchar(20) NOT NULL, "gender" varchar(20) NOT NULL, "size_this" varchar(10) NOT NULL);
INSERT INTO app_clothes VALUES(6,'جین',14,'Shirt','male','L');
INSERT INTO app_clothes VALUES(7,'جین',15,'Shirt','male','L');
INSERT INTO app_clothes VALUES(8,'پنبه',41,'Shirt','male','XL');
INSERT INTO app_clothes VALUES(9,'پنبه',42,'Shirt','male','XL');
INSERT INTO app_clothes VALUES(10,'الیاف نخی',43,'Shirt','male','L');
INSERT INTO app_clothes VALUES(11,'نخی',44,'Tshirt','male','L');
INSERT INTO app_clothes VALUES(12,'نخی',45,'Tshirt','male','L');
INSERT INTO app_clothes VALUES(13,'نخی',46,'Tshirt','male','XL');
INSERT INTO app_clothes VALUES(14,'نخی',47,'Tshirt','male','L');
INSERT INTO app_clothes VALUES(15,'نخی',48,'Tshirt','male','L');
INSERT INTO app_clothes VALUES(16,'کتان',49,'Pants','male','L');
INSERT INTO app_clothes VALUES(17,'نخی',50,'Pants','male','L');
INSERT INTO app_clothes VALUES(18,'نخی',51,'Pants','male','L');
INSERT INTO app_clothes VALUES(19,'نخی',52,'Pants','male','L');
INSERT INTO app_clothes VALUES(20,'نخی',53,'Pants','male','L');
INSERT INTO app_clothes VALUES(21,'پنبه',54,'Manto','female','L');
INSERT INTO app_clothes VALUES(22,'کرپ',55,'Manto','female','L');
INSERT INTO app_clothes VALUES(23,'کرپ',56,'Manto','female','L');
INSERT INTO app_clothes VALUES(24,'اکریلیک',57,'Manto','female','L');
INSERT INTO app_clothes VALUES(25,'کرپ',58,'Manto','female','L');
INSERT INTO app_clothes VALUES(26,'پلی استر',59,'Blouse','female','L');
INSERT INTO app_clothes VALUES(27,'کرپ',60,'Blouse','female','L');
INSERT INTO app_clothes VALUES(28,'کرپ',61,'Blouse','female','L');
INSERT INTO app_clothes VALUES(29,'کرپ',62,'Blouse','female','L');
INSERT INTO app_clothes VALUES(30,'کرپ',63,'Blouse','female','L');
INSERT INTO app_clothes VALUES(31,'نخی',64,'Pants','female','L');
INSERT INTO app_clothes VALUES(32,'کرپ',65,'Pants','female','L');
INSERT INTO app_clothes VALUES(33,'نخی',66,'Pants','female','L');
INSERT INTO app_clothes VALUES(34,'کرپ',67,'Pants','female','L');
INSERT INTO app_clothes VALUES(35,'نخی',68,'Pants','female','L');
CREATE TABLE IF NOT EXISTS "app_color" ("id" integer NOT NULL PRIMARY KEY AUTOINCREMENT, "color" varchar(20) NOT NULL, "electronic_id" integer NOT NULL REFERENCES "app_electronic" ("id") DEFERRABLE INITIALLY DEFERRED);
INSERT INTO app_color VALUES(1,'gray',5);
INSERT INTO app_color VALUES(2,'black',4);
INSERT INTO app_color VALUES(3,'brown',4);
INSERT INTO app_color VALUES(5,'gray',7);
INSERT INTO app_color VALUES(6,'gray',8);
INSERT INTO app_color VALUES(7,'gray',9);
INSERT INTO app_color VALUES(8,'black',10);
INSERT INTO app_color VALUES(9,'blue',10);
INSERT INTO app_color VALUES(10,'gray',10);
INSERT INTO app_color VALUES(11,'black',11);
INSERT INTO app_color VALUES(12,'black',12);
INSERT INTO app_color VALUES(13,'gray',12);
INSERT INTO app_color VALUES(14,'black',13);
INSERT INTO app_color VALUES(15,'black',14);
INSERT INTO app_color VALUES(16,'blue',14);
INSERT INTO app_color VALUES(17,'not choice',15);
INSERT INTO app_color VALUES(18,'navy',14);
INSERT INTO app_color VALUES(19,'gray',25);
INSERT INTO app_color VALUES(20,'black',26);
INSERT INTO app_color VALUES(21,'brown',26);
INSERT INTO app_color VALUES(22,'navy',27);
INSERT INTO app_color VALUES(23,'gray',28);
INSERT INTO app_color VALUES(25,'black',30);
INSERT INTO app_color VALUES(26,'black',31);
INSERT INTO app_color VALUES(27,'black',32);
INSERT INTO app_color VALUES(28,'blue',32);
INSERT INTO app_color VALUES(29,'gray',33);
CREATE TABLE IF NOT EXISTS "app_headset" ("id" integer NOT NULL PRIMARY KEY AUTOINCREMENT, "led_indicator" bool NOT NULL, "connectionType" varchar(20) NOT NULL, "electronic_id" integer NOT NULL UNIQUE REFERENCES "app_electronic" ("id") DEFERRABLE INITIALLY DEFERRED);
INSERT INTO app_headset VALUES(1,1,'wireless',16);
INSERT INTO app_headset VALUES(2,0,'wireless',19);
CREATE TABLE IF NOT EXISTS "app_products_id" ("id" integer NOT NULL PRIMARY KEY AUTOINCREMENT, "cart_id" integer NOT NULL REFERENCES "app_cart" ("id") DEFERRABLE INITIALLY DEFERRED, "interesting_id" integer NOT NULL REFERENCES "app_interesting" ("id") DEFERRABLE INITIALLY DEFERRED, "key" integer NOT NULL);
CREATE TABLE IF NOT EXISTS "app_location" ("id" integer NOT NULL PRIMARY KEY AUTOINCREMENT, "state" varchar(256) NOT NULL, "city" varchar(256) NOT NULL, "address" text NOT NULL, "user_id" integer NOT NULL REFERENCES "auth_user" ("id") DEFERRABLE INITIALLY DEFERRED, "postal_code" varchar(256) NOT NULL);
INSERT INTO app_location VALUES(44,'آذربایجان شرقی','تبريز','مرزداران، نیاوران، کوی کاج،پلاک ۱۱۰',63,'9873216540');
INSERT INTO app_location VALUES(50,'تهران','تهران','marzdaran',64,'1234567891');
INSERT INTO app_location VALUES(51,'آذربایجان شرقی','تبريز','tarasht',64,'1234567890');
INSERT INTO app_location VALUES(52,'آذربایجان شرقی','تبريز','marzdaran',65,'1234567890');
INSERT INTO app_location VALUES(53,'آذربایجان شرقی','تبريز','marzdaran',66,'1234567890');
INSERT INTO app_location VALUES(54,'آذربایجان شرقی','تبريز','marzdaran',68,'1234567890');
INSERT INTO app_location VALUES(56,'تهران','تهران','tarasht',68,'1234567893');
INSERT INTO app_location VALUES(57,'تهران','پرديس','tarasht',69,'1234567893');
CREATE TABLE IF NOT EXISTS "app_user_img" ("id" integer NOT NULL PRIMARY KEY AUTOINCREMENT, "user_id" integer NOT NULL UNIQUE REFERENCES "auth_user" ("id") DEFERRABLE INITIALLY DEFERRED, "image" varchar(100) NULL);
INSERT INTO app_user_img VALUES(6,63,'app/IMG_20201010_190210.jpg');
INSERT INTO app_user_img VALUES(7,64,'app/IMG_20201010_190210_DXaJlIS.jpg');
CREATE TABLE IF NOT EXISTS "app_discount_code" ("id" integer NOT NULL PRIMARY KEY AUTOINCREMENT, "code" varchar(40) NOT NULL);
INSERT INTO app_discount_code VALUES(1,'BAHAR_1400');
CREATE TABLE IF NOT EXISTS "app_good" ("id" integer NOT NULL PRIMARY KEY AUTOINCREMENT, "name" varchar(100) NOT NULL, "real_price" integer NOT NULL, "num" integer NOT NULL, "discount" integer NOT NULL, "release_date" datetime NOT NULL, "score" real NOT NULL, "score_num" integer NOT NULL, "category" varchar(20) NOT NULL, "price" integer NOT NULL);
INSERT INTO app_good VALUES(14,'پیراهن مردانه پازو کد L-B',98990,16,33,'2020-10-03 09:17:29',3.5,147,'Clothes',147000);
INSERT INTO app_good VALUES(15,'پیراهن مردانه مدل L-BR',98000,19,30,'2020-10-19 09:32:52',3.2999999999999998223,105,'Clothes',140500);
INSERT INTO app_good VALUES(16,'لپ تاپ 15 اینچی ایسوس مدل VivoBook X540UA - MR',13997850,25,0,'2020-10-03 09:34:31',4.4000000000000003552,3,'Electronic',0);
INSERT INTO app_good VALUES(17,'لپ تاپ 14 اینچی هوآوی مدل MateBook X Pro - A',48520000,2,7,'2020-10-15 09:38:48',0.0,0,'Electronic',52000000);
INSERT INTO app_good VALUES(18,'یخچال و فریزر ساید بای ساید اسنوا مدل S8-2322GW',34240000,32,0,'2020-10-03 09:41:35',0.0,0,'HomeAppliances',0);
INSERT INTO app_good VALUES(19,'توپ فوتبال آدیداس مدل جام جهانی RUSSIA 2018',131120,22,12,'2020-10-03 09:46:09',4.2999999999999998223,4,'Sport',149000);
INSERT INTO app_good VALUES(20,'توپ والیبال میکاسا مدل MVA 200',968200,15,6,'2020-10-03 09:48:19',4.7000000000000001776,3,'Sport',1030000);
INSERT INTO app_good VALUES(21,'خودکار پنتر مدل Semi Gel بسته 2 عددی',10000,25,9,'2020-10-14 15:11:34',4.2999999999999998223,1752,'Stationery',11000);
INSERT INTO app_good VALUES(23,'لپ تاپ 13 اینچی اپل مدل MacBook Air MWTJ2 2020',36969000,32,0,'2020-10-15 12:25:37',4.0,1,'Electronic',0);
INSERT INTO app_good VALUES(24,'لپ تاپ 14 اینچی ایسوس مدل VivoBook A412FJ-EK301T',31150000,9,0,'2020-10-14 12:36:56',4.0,2,'Electronic',0);
INSERT INTO app_good VALUES(25,'لپ تاپ 13 اینچی اپل مدل MacBook Pro MV972 2019 همراه با تاچ بار',54999000,15,0,'2020-10-15 12:45:06',3.0,1,'Electronic',0);
INSERT INTO app_good VALUES(26,'گوشی موبایل سامسونگ مدل Galaxy A51 SM-A515F.DSN دو سیم کارت',8799000,12,0,'2020-10-15 13:01:13',4.4000000000000003552,2797,'Electronic',0);
INSERT INTO app_good VALUES(27,'گوشی موبایل هوآوی مدل P30 Pro VOG-L29 دو سیم کارت',19990000,42,0,'2020-09-15 13:09:05',4.4000000000000003552,98,'Electronic',0);
INSERT INTO app_good VALUES(28,'گوشی موبایل اپل مدل iPhone 11 Pro Max A2220 دو سیم‌ کارت',45999000,25,0,'2020-10-15 12:17:06',4.5,150,'Electronic',0);
INSERT INTO app_good VALUES(29,'گوشی موبایل هوآوی مدل Y8p AQM-LX1 دو سیم کارت',7518660,18,0,'2020-10-16 13:23:56',0.0,0,'Electronic',0);
INSERT INTO app_good VALUES(30,'گوشی موبایل سامسونگ مدل Galaxy A31 SM-A315F/DS دو سیم کارت',7315000,21,0,'2020-10-15 13:30:21',4.4000000000000003552,943,'Electronic',0);
INSERT INTO app_good VALUES(31,'هدفون زاکس لانگ مدل G17',99500,51,33,'2020-10-15 14:56:57',3.7000000000000001776,61,'Electronic',149000);
INSERT INTO app_good VALUES(32,'هدفون بی سیم نیا مدل X3',138500,46,0,'2020-09-15 14:00:39',3.8999999999999999111,59,'Electronic',0);
INSERT INTO app_good VALUES(33,'هندزفری مدل GD-64',49500,31,50,'2020-10-14 14:04:39',0.0,0,'Electronic',99000);
INSERT INTO app_good VALUES(34,'هندزفری مدل T2000',58500,3,41,'2020-10-15 19:06:48',0.0,0,'Electronic',99000);
INSERT INTO app_good VALUES(35,'هدفون بلوتوث مالاتا مدل A71',479000,0,30,'2020-10-15 14:08:54',3.7999999999999998223,136,'Electronic',689000);
INSERT INTO app_good VALUES(36,'شارژر دیواری سامسونگ مدل EP-TA300 به همراه کابل تبدیل USB-C',58900,19,0,'2020-09-15 14:45:23',3.6000000000000000888,64,'Electronic',0);
INSERT INTO app_good VALUES(37,'شارژر دیواری مدل EP-TA20EWE به همراه کابل تبدیل microUSB',94000,109,0,'2020-10-12 14:47:48',3.2000000000000001776,8,'Electronic',0);
INSERT INTO app_good VALUES(38,'شارژر دیواری سونی مدل EP880 به همراه کابل تبدیل microUSB',54900,37,0,'2020-10-15 14:51:14',3.2999999999999998223,42,'Electronic',0);
INSERT INTO app_good VALUES(39,'شارژر دیواری شیائومی مدل MDY-10-EF به همراه کابل تبدیل USB-C',228000,2,17,'2020-10-15 16:00:50',4.7999999999999998223,7,'Electronic',276000);
INSERT INTO app_good VALUES(40,'شارژر دیواری هوآوی مدل HW-050450E00 به همراه کابل تبدیل USB-C',65000,23,0,'2020-10-15 11:03:15',2.6000000000000000888,12,'Electronic',0);
INSERT INTO app_good VALUES(41,'پیراهن مردانه کد M02328',79000,4,20,'2020-10-12 12:26:32',3.5,35,'Clothes',99000);
INSERT INTO app_good VALUES(42,'پیراهن مردانه کد s20',47400,45,5,'2020-10-18 10:29:46',3.5,24,'Clothes',49900);
INSERT INTO app_good VALUES(43,'پیراهن آستین کوتاه مردانه نگین کد DAK-20845 رنگ سفید',146300,6,5,'2020-10-16 12:32:25',3.5,9,'Clothes',154000);
INSERT INTO app_good VALUES(44,'تی شرت مردانه طرح لیورپول کد 7A1',30180,42,0,'2020-10-11 13:17:33',3.5,904,'Clothes',0);
INSERT INTO app_good VALUES(45,'تیشرت مردانه کد 347005314',37100,32,33,'2020-10-18 12:20:37',3.3999999999999999111,16,'Clothes',55400);
INSERT INTO app_good VALUES(46,'پولوشرت مردانه وستیتی کد J7',85000,62,41,'2020-10-18 10:23:42',3.7999999999999998223,5,'Clothes',145000);
INSERT INTO app_good VALUES(47,'تی شرت مردانه به رسم طرح پیکان کد 2216',39790,72,5,'2020-10-12 12:26:20',4.0999999999999996447,92,'Clothes',41890);
INSERT INTO app_good VALUES(48,'تی شرت مردانه آر ان اس مدل 1131131-70',95000,7,0,'2020-10-18 10:39:19',3.7999999999999998223,4,'Clothes',0);
INSERT INTO app_good VALUES(49,'شلوار مردانه کد TRO-COT-13 رنگ طوسی',109000,23,42,'2020-10-17 14:46:36',3.8999999999999999111,47,'Clothes',189000);
INSERT INTO app_good VALUES(50,'شلوار مردانه کد TRO-COT-2E رنگ سرمه ای',109000,36,22,'2020-10-18 10:49:37',4.0999999999999996447,94,'Clothes',139000);
INSERT INTO app_good VALUES(51,'شلوار مردانه مدل sha.jns.021',59000,4,55,'2020-10-18 14:51:41',3.7000000000000001776,28,'Clothes',130000);
INSERT INTO app_good VALUES(52,'شلوار مردانه کد SA-ME رنگ مشکی',88000,3,30,'2020-10-11 14:53:43',4.2000000000000001776,11,'Clothes',125000);
INSERT INTO app_good VALUES(53,'شلوار مردانه پیمان شاکر مدل 2401104-92',149000,19,40,'2020-10-18 08:56:08',0.0,0,'Clothes',250000);
INSERT INTO app_good VALUES(54,'مانتو زنانه دِرِس ایگو کد 1100030 رنگ صورتی',692750,32,15,'2020-10-15 15:10:23',3.8888888888888888395,9,'Clothes',815000);
INSERT INTO app_good VALUES(55,'مانتو زنانه مانتو ولیعصر مدل ساینا کد 60401',209000,41,25,'2020-10-18 10:13:50',3.7000000000000001776,53,'Clothes',279000);
INSERT INTO app_good VALUES(56,'مانتو زنانه مدل بانو رنگ مشکی',133000,8,5,'2020-10-12 15:26:46',3.7000000000000001776,131,'Clothes',140000);
INSERT INTO app_good VALUES(57,'مانتو بافت زنانه طرح آجر کد M-so1',99000,53,0,'2020-10-18 15:29:44',4.4000000000000003552,3,'Clothes',0);
INSERT INTO app_good VALUES(58,'مانتو زنانه مانتو ولیعصر مدل دلربا کد 60003',189000,37,27,'2020-10-10 15:35:26',4.2999999999999998223,23,'Clothes',259000);
INSERT INTO app_good VALUES(59,'بادی زنانه هالیدی مدل 807068-black',166000,31,0,'2020-10-14 15:59:48',4.5,2,'Clothes',0);
INSERT INTO app_good VALUES(60,'بلوز زنانه کد 207G.05Y',69000,4,42,'2020-10-15 16:02:34',3.8999999999999999111,55,'Clothes',119000);
INSERT INTO app_good VALUES(61,'بلوز زنانه کد 216TRH.CR',69000,39,42,'2020-10-18 16:04:42',3.5,103,'Clothes',119000);
INSERT INTO app_good VALUES(62,'بلوز زنانه کد 217DB.C',69000,23,42,'2020-10-14 16:06:54',3.8999999999999999111,69,'Clothes',119000);
INSERT INTO app_good VALUES(63,'بلوز زنانه کد 207G.03BK',69000,26,42,'2020-10-17 11:09:20',3.7999999999999998223,59,'Clothes',119000);
INSERT INTO app_good VALUES(64,'شلوار زنانه مون مدل 163111699',115000,23,0,'2020-10-18 11:34:46',3.6000000000000000888,61,'Clothes',0);
INSERT INTO app_good VALUES(65,'شلوار زنانه کد CRP90GY',77500,31,0,'2020-10-17 16:37:52',3.6000000000000000888,77,'Clothes',0);
INSERT INTO app_good VALUES(66,'شلوار جین جذب زنانه - میس بن بن',310000,2,0,'2020-10-15 15:39:45',1.0,2,'Clothes',0);
INSERT INTO app_good VALUES(67,'شلوار زنانه مدل TR.CRM.BND1',153000,34,10,'2020-10-11 16:42:04',3.6000000000000000888,31,'Clothes',170000);
INSERT INTO app_good VALUES(68,'شلوار زنانه آر ان اس مدل 104047-41',149000,2,0,'2020-10-18 16:43:59',4.5,2,'Clothes',0);
INSERT INTO app_good VALUES(69,'یخچال و فریزر ساید بای ساید اسنوا مدل S8-2261S',34400000,23,0,'2020-10-15 14:37:27',3.0,2,'HomeAppliances',0);
INSERT INTO app_good VALUES(70,'یخچال و فریزر ساید بای ساید اسنوا مدل S8-2352',43200000,31,0,'2020-10-11 14:40:56',0.0,0,'HomeAppliances',0);
INSERT INTO app_good VALUES(71,'یخچال و فریزر امرسان مدلBFN20D321',8980000,19,0,'2020-10-14 14:43:11',3.8999999999999999111,16,'HomeAppliances',0);
INSERT INTO app_good VALUES(72,'یخچال و فریزر امرسان مدل TFH14T',5605000,36,0,'2020-10-12 14:46:36',4.0999999999999996447,116,'HomeAppliances',0);
INSERT INTO app_good VALUES(73,'تلویزیون ال ای دی ال جی مدل 43LJ52100 سایز 43 اینچ',9240000,21,0,'2020-10-16 15:05:51',4.0,5,'HomeAppliances',0);
INSERT INTO app_good VALUES(74,'تلویزیون ال ای دی هوشمند ال جی مدل 43LJ55000 سایز 43 اینچ',10980000,23,0,'2020-10-14 15:08:47',4.2000000000000001776,18,'HomeAppliances',0);
INSERT INTO app_good VALUES(75,'تلویزیون ال ای دی ال جی مدل 49UJ66000GI سایز 49 اینچ',20190000,19,0,'2020-10-17 15:11:00',4.0,1,'HomeAppliances',0);
INSERT INTO app_good VALUES(76,'تلویزیون ال ای دی ال جی مدل 49UK66000GI سایز 49 اینچ',21990000,29,3,'2020-10-12 15:13:20',0.0,0,'HomeAppliances',22700000);
INSERT INTO app_good VALUES(77,'تلویزیون ال ای دی هوشمند ال جی مدل 60SJ85000GI-TA سایز 60 اینچ',38790000,30,1,'2020-10-17 15:15:57',0.0,0,'HomeAppliances',39200000);
INSERT INTO app_good VALUES(78,'ماشین لباسشویی بوش مدل WAW3256XGC ظرفیت 9 کیلوگرم',30350000,30,0,'2020-10-17 06:32:16',4.0,2,'HomeAppliances',0);
INSERT INTO app_good VALUES(79,'ماشین لباسشویی بوش مدل WAW324DE ظرفیت 8 کیلوگرم',25300000,9,0,'2020-10-12 06:34:57',3.0,3,'HomeAppliances',0);
INSERT INTO app_good VALUES(80,'ماشین لباسشویی جی پلاس مدل GWM-K945S ظرفیت 9 کیلوگرم',12350000,21,0,'2020-10-15 06:36:50',0.0,0,'HomeAppliances',0);
INSERT INTO app_good VALUES(81,'ماشین لباسشویی ال جی پلاس مدل GWM-K723W ظرفیت 7.5 کیلوگرم',10250000,23,0,'2020-10-11 06:38:57',0.0,0,'HomeAppliances',0);
INSERT INTO app_good VALUES(82,'ماشین لباسشویی جی پلاس مدل GWM-KD1048S ظرفیت 10.5 کیلوگرم',16450000,6,0,'2020-10-10 06:41:23',0.0,0,'HomeAppliances',0);
INSERT INTO app_good VALUES(83,'مبل راحتی هفت نفره مدل Pamir Lau',6860000,27,0,'2020-10-11 06:58:27',3.8999999999999999111,6,'HomeAppliances',0);
INSERT INTO app_good VALUES(84,'مبل راحتی هفت نفره مدل کم جا کد 003',7000000,19,0,'2020-10-17 07:00:47',3.3999999999999999111,3,'HomeAppliances',0);
INSERT INTO app_good VALUES(85,'مبل راحتی 7 نفره چشمه نور کد MA201-N-GR',13674000,31,28,'2020-10-14 07:03:37',1.0,1,'HomeAppliances',18993000);
INSERT INTO app_good VALUES(86,'مبل 7 نفره آرتان کد 008',5350000,33,0,'2020-10-17 07:05:38',0.0,0,'HomeAppliances',0);
INSERT INTO app_good VALUES(87,'مبل راحتی 8 نفره مدل وارنا کد 3',34200000,18,5,'2020-10-12 07:07:13',0.0,0,'HomeAppliances',36000000);
INSERT INTO app_good VALUES(88,'دوچرخه برقی مدل BEINAIQI سایز 26',40000000,43,0,'2020-10-10 08:56:00',0.0,0,'Sport',0);
INSERT INTO app_good VALUES(89,'دوچرخه کوهستان کاپیتان مدل FAST سایز 26',4590000,22,0,'2020-10-15 08:58:51',3.5,2,'Sport',0);
INSERT INTO app_good VALUES(90,'دوچرخه کوهستان مریدا مدل ONE-TWENTY 500 D سایز 26',35245000,32,0,'2020-10-17 09:00:24',0.0,0,'Sport',0);
INSERT INTO app_good VALUES(91,'دوچرخه کوهستان کراس مدل OMEGA سایز 26',4061700,19,0,'2020-10-19 09:03:34',4.0,1,'Sport',0);
INSERT INTO app_good VALUES(92,'دوچرخه کوهستان راپیدو مدل R6 سایز 26',6390000,41,0,'2020-10-21 09:05:23',5.0,2,'Sport',0);
INSERT INTO app_good VALUES(93,'تردمیل پروفرم مدل ENDURANCE M8I',30046000,23,0,'2020-10-11 09:14:35',0.0,0,'Sport',0);
INSERT INTO app_good VALUES(94,'تردمیل فیت فلکس مدل T5000-TFT',50754600,38,0,'2020-10-17 09:16:26',0.0,0,'Sport',0);
INSERT INTO app_good VALUES(95,'تردمیل آذیموس مدل AZ-3050-CA',54000000,29,0,'2020-10-19 09:18:43',0.0,0,'Sport',0);
INSERT INTO app_good VALUES(96,'تردمیل فیت فلکس مدل T5000-C',42357000,17,0,'2020-10-16 09:20:40',0.0,0,'Sport',0);
INSERT INTO app_good VALUES(97,'تردمیل نردیک ترک مدل T11.5',38436100,29,0,'2020-10-20 09:22:00',0.0,0,'Sport',0);
INSERT INTO app_good VALUES(98,'توپ فوتبال آدیداس مدل champions league',192500,39,0,'2020-10-19 09:31:09',4.2000000000000001776,20,'Sport',0);
INSERT INTO app_good VALUES(99,'توپ بسکتبال مولتن مدل GL7X',146000,21,0,'2020-10-15 09:32:47',3.5,25,'Sport',0);
INSERT INTO app_good VALUES(100,'توپ بسکتبال بتا مدل PR7 سایز 7',48000,34,0,'2020-10-20 09:34:27',4.4000000000000003552,39,'Sport',0);
INSERT INTO app_good VALUES(101,'دفتر مشق 100 برگ کد M1',9500,74,0,'2020-10-10 10:15:48',4.2999999999999998223,2516,'Stationery',0);
INSERT INTO app_good VALUES(102,'دفتر مشق 50 برگ مدل BS 209',5100,65,0,'2020-10-21 10:17:22',4.4000000000000003552,1628,'Stationery',0);
INSERT INTO app_good VALUES(103,'دفتر برنامه ریزی سیب مدل my planner',15900,50,6,'2020-10-15 10:18:36',4.4000000000000003552,1126,'Stationery',16900);
INSERT INTO app_good VALUES(104,'دفتر مشق 100 برگ بوفی مدل A-100',8100,36,0,'2020-10-17 10:20:35',4.0999999999999996447,227,'Stationery',0);
INSERT INTO app_good VALUES(105,'دفتر کلاسوری 200 برگ پاپکو مدل NB-608R',60000,35,0,'2020-10-16 10:22:19',4.7000000000000001776,94,'Stationery',0);
INSERT INTO app_good VALUES(106,'خودکار کیان مدل B2 بسته 2 عددی',2990,126,0,'2020-10-11 10:33:21',4.5,2668,'Stationery',0);
INSERT INTO app_good VALUES(107,'خودکار بیک مدل Cristal Medium',2000,150,0,'2020-10-20 10:36:16',4.2999999999999998223,428,'Stationery',0);
INSERT INTO app_good VALUES(108,'خودکار پنسان مدل my tech',4400,110,0,'2020-10-14 10:37:29',4.5999999999999996447,275,'Stationery',0);
INSERT INTO app_good VALUES(109,'خودکار پنتر مدل ep_101',1800,175,0,'2020-10-21 10:38:53',4.5999999999999996447,226,'Stationery',0);
INSERT INTO app_good VALUES(110,'مداد رنگی 12 رنگ آسیا مدل A-20',18000,75,0,'2020-10-16 11:36:04',4.2999999999999998223,559,'Stationery',0);
INSERT INTO app_good VALUES(111,'مداد رنگی 24 رنگ فابر-کاستل مدل Classic',90000,94,10,'2020-10-21 11:37:52',4.0999999999999996447,218,'Stationery',100000);
INSERT INTO app_good VALUES(112,'مداد رنگی 24 رنگ آریا مدل 3017',37350,94,0,'2020-10-16 11:39:54',4.5,567,'Stationery',0);
INSERT INTO app_good VALUES(113,'مداد رنگی 12 رنگ آریا مدل 3016',16990,68,0,'2020-10-18 11:41:16',4.5999999999999996447,607,'Stationery',0);
INSERT INTO app_good VALUES(114,'مداد رنگی 60 رنگ نامبروان مدل NEW',115000,86,0,'2020-10-20 11:42:39',4.5,244,'Stationery',0);
INSERT INTO app_good VALUES(115,'پاک کن ارت کیوب مدل مثلث 2 مجموعه دو عددی',10500,69,0,'2020-10-18 11:52:26',0.0,0,'Stationery',0);
INSERT INTO app_good VALUES(116,'پاک کن کنکو مدل YN مجموعه 2 عددی',3450,68,0,'2020-10-11 11:54:22',4.0999999999999996447,10,'Stationery',0);
INSERT INTO app_good VALUES(117,'پاک کن فکتیس مدل 3036',2400,75,0,'2020-10-21 11:56:21',4.2000000000000001776,100,'Stationery',0);
INSERT INTO app_good VALUES(118,'پاک کن کنکو مدل E06',2000,93,35,'2020-10-10 11:57:51',4.2000000000000001776,26,'Stationery',3100);
INSERT INTO app_good VALUES(119,'پاک کن کنکو مدل E04',1590,66,0,'2020-10-17 11:59:46',4.5,1020,'Stationery',0);
INSERT INTO app_good VALUES(120,'لپ تاپ 14 اینچی هوآوی مدل MateBook X Pro',17690000,17,0,'2020-10-11 09:38:16',4.2999999999999998223,5,'Electronic',0);
INSERT INTO app_good VALUES(121,'لپ تاپ 15.6 اینچی ایسوس مدل VivoBook X540YA - MMRR',11100000,16,8,'2020-10-12 09:43:09',4.0,30,'Electronic',12000000);
INSERT INTO app_good VALUES(122,'لپ تاپ 15 اینچی ایسوس مدل VivoBook X543MA - NP',11950000,12,0,'2020-10-11 09:48:14',4.0,112,'Electronic',0);
INSERT INTO app_good VALUES(123,'لپ تاپ 13 اینچی اپل مدل MacBook Pro MXK32 2020 همراه با تاچ بار',55954000,19,0,'2020-10-14 10:10:15',4.5,2,'Electronic',0);
INSERT INTO app_good VALUES(124,'لپ تاپ 16 اینچی اپل مدل MacBook Pro MVVL2 2019 همراه با تاچ بار',79954000,12,0,'2020-10-20 10:13:39',4.0,1,'Electronic',0);
INSERT INTO app_good VALUES(125,'لپ تاپ 15 اینچی ایسوس مدل ZenBook FLip UX563FD-A',56000000,11,0,'2020-10-16 10:18:51',3.0,1,'Electronic',0);
INSERT INTO app_good VALUES(126,'لپتاپ 15 اینچی ایسوس مدل TUF FX505DT - A',34440000,14,0,'2020-10-14 10:22:17',5.0,1,'Electronic',0);
INSERT INTO app_good VALUES(127,'لپ تاپ 15.6 اینچی ایسوس مدل VivoBook S533JQ - A',37930000,14,0,'2020-10-03 10:25:33',4.0,1,'Electronic',0);
INSERT INTO app_good VALUES(128,'لپ تاپ 13 اینچی هوآوی مدل MateBook 13 2020 - B',25955000,0,0,'2020-10-11 10:29:17',0.0,0,'Electronic',0);
CREATE TABLE IF NOT EXISTS "app_cart" ("id" integer NOT NULL PRIMARY KEY AUTOINCREMENT, "user_id" integer NOT NULL REFERENCES "auth_user" ("id") DEFERRABLE INITIALLY DEFERRED, "number" integer NOT NULL, "good_id" integer NULL REFERENCES "app_good" ("id") DEFERRABLE INITIALLY DEFERRED);
INSERT INTO app_cart VALUES(7,63,1,19);
INSERT INTO app_cart VALUES(8,63,1,109);
INSERT INTO app_cart VALUES(9,63,1,74);
INSERT INTO app_cart VALUES(11,64,2,17);
INSERT INTO app_cart VALUES(12,64,6,26);
INSERT INTO app_cart VALUES(13,64,1,31);
INSERT INTO app_cart VALUES(14,63,1,17);
INSERT INTO app_cart VALUES(15,68,3,99);
INSERT INTO app_cart VALUES(16,68,2,17);
INSERT INTO app_cart VALUES(17,68,1,84);
INSERT INTO app_cart VALUES(18,68,2,15);
INSERT INTO app_cart VALUES(20,68,1,27);
CREATE TABLE IF NOT EXISTS "app_interesting" ("id" integer NOT NULL PRIMARY KEY AUTOINCREMENT, "user_id" integer NOT NULL REFERENCES "auth_user" ("id") DEFERRABLE INITIALLY DEFERRED, "good_id" integer NULL REFERENCES "app_good" ("id") DEFERRABLE INITIALLY DEFERRED);
INSERT INTO app_interesting VALUES(5,63,23);
INSERT INTO app_interesting VALUES(6,63,17);
INSERT INTO app_interesting VALUES(17,64,17);
INSERT INTO app_interesting VALUES(18,64,30);
INSERT INTO app_interesting VALUES(19,64,26);
INSERT INTO app_interesting VALUES(20,64,28);
INSERT INTO app_interesting VALUES(22,64,15);
INSERT INTO app_interesting VALUES(23,64,47);
INSERT INTO app_interesting VALUES(24,64,98);
INSERT INTO app_interesting VALUES(25,64,117);
INSERT INTO app_interesting VALUES(26,64,61);
INSERT INTO app_interesting VALUES(28,64,62);
INSERT INTO app_interesting VALUES(30,64,19);
INSERT INTO app_interesting VALUES(39,64,102);
INSERT INTO app_interesting VALUES(40,64,113);
INSERT INTO app_interesting VALUES(41,63,15);
INSERT INTO app_interesting VALUES(43,63,43);
INSERT INTO app_interesting VALUES(44,63,47);
INSERT INTO app_interesting VALUES(45,63,44);
INSERT INTO app_interesting VALUES(46,63,72);
INSERT INTO app_interesting VALUES(47,63,86);
INSERT INTO app_interesting VALUES(48,63,88);
INSERT INTO app_interesting VALUES(49,63,19);
INSERT INTO app_interesting VALUES(50,63,102);
INSERT INTO app_interesting VALUES(51,63,117);
INSERT INTO app_interesting VALUES(52,63,74);
INSERT INTO app_interesting VALUES(53,63,73);
INSERT INTO app_interesting VALUES(55,68,100);
INSERT INTO app_interesting VALUES(56,68,99);
INSERT INTO app_interesting VALUES(57,68,19);
INSERT INTO app_interesting VALUES(58,68,29);
INSERT INTO app_interesting VALUES(59,68,28);
INSERT INTO app_interesting VALUES(60,68,15);
INSERT INTO app_interesting VALUES(61,68,42);
INSERT INTO app_interesting VALUES(62,68,43);
INSERT INTO app_interesting VALUES(63,68,41);
INSERT INTO app_interesting VALUES(64,68,14);
INSERT INTO app_interesting VALUES(65,68,125);
INSERT INTO app_interesting VALUES(66,68,25);
INSERT INTO app_interesting VALUES(67,68,23);
INSERT INTO app_interesting VALUES(70,68,24);
INSERT INTO app_interesting VALUES(71,68,126);
INSERT INTO app_interesting VALUES(72,68,123);
INSERT INTO app_interesting VALUES(73,68,121);
INSERT INTO app_interesting VALUES(74,68,128);
INSERT INTO app_interesting VALUES(75,68,122);
INSERT INTO app_interesting VALUES(76,68,120);
INSERT INTO app_interesting VALUES(77,68,127);
INSERT INTO app_interesting VALUES(78,68,17);
INSERT INTO app_interesting VALUES(79,68,27);
CREATE TABLE IF NOT EXISTS "app_laptop" ("id" integer NOT NULL PRIMARY KEY AUTOINCREMENT, "storage" integer NOT NULL, "ram" integer NOT NULL, "color_this" varchar(20) NOT NULL, "electronic_id" integer NOT NULL UNIQUE REFERENCES "app_electronic" ("id") DEFERRABLE INITIALLY DEFERRED, "color_choose" varchar(20) NULL);
INSERT INTO app_laptop VALUES(4,1000,4,'black',4,NULL);
INSERT INTO app_laptop VALUES(5,1000,16,'gray',5,NULL);
INSERT INTO app_laptop VALUES(7,256,8,'gray',7,'gray');
INSERT INTO app_laptop VALUES(8,512,8,'gray',8,'gray');
INSERT INTO app_laptop VALUES(9,512,8,'gray',9,'gray');
INSERT INTO app_laptop VALUES(10,0,0,'black',13,'black');
INSERT INTO app_laptop VALUES(11,512,16,'gray',25,'gray');
INSERT INTO app_laptop VALUES(12,1000,4,'black',26,'black');
INSERT INTO app_laptop VALUES(13,1000,4,'navy',27,'navy');
INSERT INTO app_laptop VALUES(14,256,8,'gray',28,'gray');
INSERT INTO app_laptop VALUES(16,1000,16,'black',30,'black');
INSERT INTO app_laptop VALUES(17,1000,8,'black',31,'black');
INSERT INTO app_laptop VALUES(18,512,16,'black',32,'black');
INSERT INTO app_laptop VALUES(19,512,8,'gray',33,'gray');
CREATE TABLE IF NOT EXISTS "app_mobile" ("id" integer NOT NULL PRIMARY KEY AUTOINCREMENT, "memory" integer NOT NULL, "ram" integer NOT NULL, "color_this" varchar(20) NOT NULL, "electronic_id" integer NOT NULL UNIQUE REFERENCES "app_electronic" ("id") DEFERRABLE INITIALLY DEFERRED, "color_choose" varchar(20) NULL);
INSERT INTO app_mobile VALUES(1,128,6,'black',10,'black');
INSERT INTO app_mobile VALUES(2,256,8,'black',11,'black');
INSERT INTO app_mobile VALUES(3,256,4,'black',12,'black');
INSERT INTO app_mobile VALUES(4,128,6,'black',13,'black');
INSERT INTO app_mobile VALUES(5,128,4,'black',14,'black');
CREATE TABLE IF NOT EXISTS "app_shirt" ("id" integer NOT NULL PRIMARY KEY AUTOINCREMENT, "sleeve_height" varchar(20) NOT NULL, "clothes_id" integer NOT NULL UNIQUE REFERENCES "app_clothes" ("id") DEFERRABLE INITIALLY DEFERRED, "size_this" varchar(20) NULL);
INSERT INTO app_shirt VALUES(3,'Long',6,'XL');
INSERT INTO app_shirt VALUES(4,'Long',7,'XL');
INSERT INTO app_shirt VALUES(5,'Long',8,'XL');
INSERT INTO app_shirt VALUES(6,'Short',9,'XL');
CREATE TABLE IF NOT EXISTS "app_tshirt" ("id" integer NOT NULL PRIMARY KEY AUTOINCREMENT, "collar" varchar(20) NOT NULL, "clothes_id" integer NOT NULL UNIQUE REFERENCES "app_clothes" ("id") DEFERRABLE INITIALLY DEFERRED, "size_this" varchar(20) NULL);
INSERT INTO app_tshirt VALUES(1,'گرد',11,'XL');
INSERT INTO app_tshirt VALUES(2,'ایستاده',12,'L');
INSERT INTO app_tshirt VALUES(3,'برگردان',13,'XL');
INSERT INTO app_tshirt VALUES(4,'گرد',14,'XL');
INSERT INTO app_tshirt VALUES(5,'هفت',15,'L');
CREATE TABLE IF NOT EXISTS "app_charger" ("id" integer NOT NULL PRIMARY KEY AUTOINCREMENT, "cable_type" varchar(20) NOT NULL, "electronic_id" integer NOT NULL UNIQUE REFERENCES "app_electronic" ("id") DEFERRABLE INITIALLY DEFERRED, "usb_num" integer NOT NULL);
INSERT INTO app_charger VALUES(1,'C',20,1);
INSERT INTO app_charger VALUES(2,'Micro',21,1);
INSERT INTO app_charger VALUES(3,'Micro',22,1);
INSERT INTO app_charger VALUES(4,'C',23,1);
INSERT INTO app_charger VALUES(5,'C',24,1);
CREATE TABLE IF NOT EXISTS "app_size" ("id" integer NOT NULL PRIMARY KEY AUTOINCREMENT, "clothes_id" integer NOT NULL REFERENCES "app_clothes" ("id") DEFERRABLE INITIALLY DEFERRED, "size" varchar(10) NOT NULL);
INSERT INTO app_size VALUES(1,7,'XL');
INSERT INTO app_size VALUES(2,7,'XXL');
INSERT INTO app_size VALUES(3,6,'XL');
INSERT INTO app_size VALUES(4,6,'XXL');
INSERT INTO app_size VALUES(5,9,'XL');
INSERT INTO app_size VALUES(6,10,'XL');
INSERT INTO app_size VALUES(7,10,'XXL');
INSERT INTO app_size VALUES(8,11,'XL');
INSERT INTO app_size VALUES(9,11,'XXL');
INSERT INTO app_size VALUES(10,13,'XL');
INSERT INTO app_size VALUES(11,14,'XL');
INSERT INTO app_size VALUES(12,8,'XL');
INSERT INTO app_size VALUES(13,12,'L');
INSERT INTO app_size VALUES(14,15,'L');
DELETE FROM sqlite_sequence;
INSERT INTO sqlite_sequence VALUES('django_migrations',65);
INSERT INTO sqlite_sequence VALUES('django_admin_log',712);
INSERT INTO sqlite_sequence VALUES('django_content_type',46);
INSERT INTO sqlite_sequence VALUES('auth_permission',184);
INSERT INTO sqlite_sequence VALUES('auth_user',69);
INSERT INTO sqlite_sequence VALUES('auth_group',0);
INSERT INTO sqlite_sequence VALUES('app_manto',5);
INSERT INTO sqlite_sequence VALUES('app_pants',13);
INSERT INTO sqlite_sequence VALUES('app_ball',7);
INSERT INTO sqlite_sequence VALUES('app_blouse',5);
INSERT INTO sqlite_sequence VALUES('app_crayons',5);
INSERT INTO sqlite_sequence VALUES('app_eraser',5);
INSERT INTO sqlite_sequence VALUES('app_notebook',5);
INSERT INTO sqlite_sequence VALUES('app_sofa',5);
INSERT INTO sqlite_sequence VALUES('app_bicycle',5);
INSERT INTO sqlite_sequence VALUES('app_treadmill',5);
INSERT INTO sqlite_sequence VALUES('app_homeappliances',21);
INSERT INTO sqlite_sequence VALUES('app_pen',0);
INSERT INTO sqlite_sequence VALUES('app_refrigerator',6);
INSERT INTO sqlite_sequence VALUES('app_sport',17);
INSERT INTO sqlite_sequence VALUES('app_stationery',20);
INSERT INTO sqlite_sequence VALUES('app_tv',5);
INSERT INTO sqlite_sequence VALUES('app_washing_machine',5);
INSERT INTO sqlite_sequence VALUES('app_electronic',33);
INSERT INTO sqlite_sequence VALUES('app_image',387);
INSERT INTO sqlite_sequence VALUES('app_clothes',35);
INSERT INTO sqlite_sequence VALUES('app_color',29);
INSERT INTO sqlite_sequence VALUES('app_headset',2);
INSERT INTO sqlite_sequence VALUES('app_location',57);
INSERT INTO sqlite_sequence VALUES('app_user_img',7);
INSERT INTO sqlite_sequence VALUES('app_discount_code',1);
INSERT INTO sqlite_sequence VALUES('app_good',128);
INSERT INTO sqlite_sequence VALUES('app_cart',20);
INSERT INTO sqlite_sequence VALUES('app_interesting',79);
INSERT INTO sqlite_sequence VALUES('app_laptop',19);
INSERT INTO sqlite_sequence VALUES('app_mobile',5);
INSERT INTO sqlite_sequence VALUES('app_shirt',6);
INSERT INTO sqlite_sequence VALUES('app_tshirt',5);
INSERT INTO sqlite_sequence VALUES('app_charger',5);
INSERT INTO sqlite_sequence VALUES('app_comment',36);
INSERT INTO sqlite_sequence VALUES('app_size',14);
CREATE UNIQUE INDEX "auth_group_permissions_group_id_permission_id_0cd325b0_uniq" ON "auth_group_permissions" ("group_id", "permission_id");
CREATE INDEX "auth_group_permissions_group_id_b120cbf9" ON "auth_group_permissions" ("group_id");
CREATE INDEX "auth_group_permissions_permission_id_84c5c92e" ON "auth_group_permissions" ("permission_id");
CREATE UNIQUE INDEX "auth_user_groups_user_id_group_id_94350c0c_uniq" ON "auth_user_groups" ("user_id", "group_id");
CREATE INDEX "auth_user_groups_user_id_6a12ed8b" ON "auth_user_groups" ("user_id");
CREATE INDEX "auth_user_groups_group_id_97559544" ON "auth_user_groups" ("group_id");
CREATE UNIQUE INDEX "auth_user_user_permissions_user_id_permission_id_14a6b632_uniq" ON "auth_user_user_permissions" ("user_id", "permission_id");
CREATE INDEX "auth_user_user_permissions_user_id_a95ead1b" ON "auth_user_user_permissions" ("user_id");
CREATE INDEX "auth_user_user_permissions_permission_id_1fbb5f2c" ON "auth_user_user_permissions" ("permission_id");
CREATE INDEX "django_admin_log_content_type_id_c4bce8eb" ON "django_admin_log" ("content_type_id");
CREATE INDEX "django_admin_log_user_id_c564eba6" ON "django_admin_log" ("user_id");
CREATE UNIQUE INDEX "django_content_type_app_label_model_76bd3d3b_uniq" ON "django_content_type" ("app_label", "model");
CREATE UNIQUE INDEX "auth_permission_content_type_id_codename_01ab375a_uniq" ON "auth_permission" ("content_type_id", "codename");
CREATE INDEX "auth_permission_content_type_id_2f476e4b" ON "auth_permission" ("content_type_id");
CREATE INDEX "django_session_expire_date_a5c62663" ON "django_session" ("expire_date");
CREATE INDEX "app_comment_good_id_53631bdc" ON "app_comment" ("good_id");
CREATE INDEX "app_image_good_id_33e36ea6" ON "app_image" ("good_id");
CREATE INDEX "app_color_electronic_id_429ec0bb" ON "app_color" ("electronic_id");
CREATE INDEX "app_products_id_cart_id_1a4b7776" ON "app_products_id" ("cart_id");
CREATE INDEX "app_products_id_interesting_id_7cc9ae09" ON "app_products_id" ("interesting_id");
CREATE INDEX "app_location_user_id_41a06247" ON "app_location" ("user_id");
CREATE INDEX "app_cart_user_id_2bf07879" ON "app_cart" ("user_id");
CREATE INDEX "app_cart_good_id_de95c095" ON "app_cart" ("good_id");
CREATE INDEX "app_interesting_user_id_9dddd180" ON "app_interesting" ("user_id");
CREATE INDEX "app_interesting_good_id_4a8e5515" ON "app_interesting" ("good_id");
CREATE INDEX "app_size_clothes_id_32eb9595" ON "app_size" ("clothes_id");
COMMIT;
